unit_id,split,h0,lambda,gamma,phi,baseline_b,noise_group,sigma_scale,failure_time,scenario_id,seed
1,train,1.0239405171787246,0.003275738949546788,1.1316717591525647,3.1196755779735006,0.4538811136371557,single,0.1,161,A_sigma_1,42
2,train,1.0002670858752565,0.003939403856996734,1.064516046223718,0.5113756038488575,-0.05606747151393174,single,0.1,182,A_sigma_1,42
3,train,0.9983308370057135,0.0015759316687571636,1.2051332034980025,5.410945139985724,0.3084771124897564,single,0.1,212,A_sigma_1,42
4,train,0.981009424107832,0.0029024598261824957,1.0984761545670683,2.4237979308035604,-0.2103251604818975,single,0.1,201,A_sigma_1,42
5,train,0.9897721421510667,0.0022963111352040594,1.23021609696768,1.6364202198826239,-0.10921510450862486,single,0.1,139,A_sigma_1,42
6,train,0.9846552364787191,0.00415635562433538,1.0506193361395522,2.789641115798431,-0.4105821039559467,single,0.1,183,A_sigma_1,42
7,train,1.0351241949913241,0.0016895410218964188,1.1835156332589325,2.2399780279060457,0.3429245469770339,single,0.1,227,A_sigma_1,42
8,train,1.022809331326891,0.0033607634991982558,1.1125946637347457,1.847689102157856,0.31940751135733386,single,0.1,171,A_sigma_1,42
9,train,0.9931802526157762,0.0021281510283104954,1.076041935369609,1.1169699736279177,0.20154664153100751,single,0.1,303,A_sigma_1,42
10,train,1.0129802013627,0.0031644561938173566,1.0871415471890782,3.4002517078094,0.30390212200083117,single,0.1,202,A_sigma_1,42
11,train,0.9847424144789583,0.002081206495301031,1.154720860038031,0.4226685462300213,-0.34508571249349856,single,0.1,208,A_sigma_1,42
12,train,0.9717994048181738,0.0026748348168135648,1.1366477271950446,1.5825146974518909,0.3548235351359969,single,0.1,179,A_sigma_1,42
13,train,0.9912506534766075,0.0024867745179315013,1.2389525025689292,1.488155862814027,0.041848700081414565,single,0.1,126,A_sigma_1,42
14,train,1.0121717645266344,0.003015606340906674,1.073914649282356,4.111834064212749,0.16480381479071668,single,0.1,225,A_sigma_1,42
15,train,1.032027640010698,0.0016313524060432604,1.3397176868208769,3.098647844255098,-1.5013818659954012,single,0.1,124,A_sigma_1,42
16,train,1.0157672412541618,0.004348713897053149,1.1223282888545107,3.7161452553830396,0.010000288768244162,single,0.1,129,A_sigma_1,42
17,train,1.013869950511493,0.003286994613411937,1.0505743228281645,6.091193062535347,0.2653417427243066,single,0.1,235,A_sigma_1,42
18,train,1.0104912084811157,0.0017215240073614798,1.22327565609542,5.313941085096591,0.36184694059340283,single,0.1,184,A_sigma_1,42
19,train,1.0321265208880104,0.0030669107237043477,1.1946459511013718,2.3663299426923006,-0.10012441889831096,single,0.1,131,A_sigma_1,42
20,train,1.003982736558625,0.004244778798911865,1.0895561106498206,0.7969257678329561,-0.16648483250333043,single,0.1,151,A_sigma_1,42
21,train,0.9627992889732575,0.0032091307907041716,1.0502740334712908,3.23684045479294,0.6248965075124465,single,0.1,229,A_sigma_1,42
22,train,1.0351148864024753,0.00170220001814088,1.1991170236171156,1.1729492036007712,-0.2501751547915349,single,0.1,210,A_sigma_1,42
23,train,1.0307514410812753,0.002295361866678904,1.0815556819618908,1.3836146577843567,0.044067458450726564,single,0.1,284,A_sigma_1,42
24,train,1.0047491695349153,0.0025568801449237727,1.178726534281659,4.56475987798911,-0.4125421401611193,single,0.1,159,A_sigma_1,42
25,train,0.9997667792662674,0.0020201696896864608,1.2183030276750755,0.33149730132552196,-0.4824745099543138,single,0.1,163,A_sigma_1,42
26,train,0.9882954090460437,0.0029202840379338353,1.0509049794312113,2.549681247071589,0.7724615856111625,single,0.1,256,A_sigma_1,42
27,train,0.989616967382598,0.0017291374496924915,1.3210813166141575,5.563118288535145,-0.12077029330865287,single,0.1,123,A_sigma_1,42
28,train,1.0163612002711964,0.0027957864847390325,1.1977442687856188,2.9934395507988505,-0.30324479712671915,single,0.1,138,A_sigma_1,42
29,train,1.0210075609987974,0.0034433064366684142,1.1695927845243186,3.9751347328255724,0.28114453550276797,single,0.1,130,A_sigma_1,42
30,train,0.9980050497409237,0.0018144157882181442,1.2618895886427008,1.61186802660233,0.08590465804553124,single,0.1,149,A_sigma_1,42
31,train,1.0094810707112003,0.003100432044649329,1.0662262196282573,2.953597885378456,-0.1786445508349939,single,0.1,228,A_sigma_1,42
32,train,1.017161444530854,0.0026223334654287824,1.2015626967443527,1.3821559895885316,0.4332884520242719,single,0.1,143,A_sigma_1,42
33,train,1.031702022761061,0.0032358629859082794,1.0978296198469046,6.229177590727918,0.3420614605473375,single,0.1,191,A_sigma_1,42
34,train,0.996991326164188,0.0020510694628194776,1.2578362011202966,0.5329692480566088,0.009672125134300312,single,0.1,137,A_sigma_1,42
35,train,1.0025944202758028,0.00318978122317081,1.1860649948182655,4.9978599252204825,0.16833048838891465,single,0.1,128,A_sigma_1,42
36,train,0.9851510014119902,0.00209395349237808,1.151173447954374,1.5336552932426306,-0.37524946774194384,single,0.1,210,A_sigma_1,42
37,train,1.0181242629449032,0.0023160506930661896,1.1707794150196011,2.069739214937105,0.3391510895634161,single,0.1,181,A_sigma_1,42
38,train,0.9987083154133721,0.003190969446941864,1.0503084748385532,1.7257181574807268,-0.38435527105714473,single,0.1,238,A_sigma_1,42
39,train,1.02264798805886,0.0019909488012281964,1.2848452843759546,1.897798214851481,-0.22300496617725404,single,0.1,129,A_sigma_1,42
40,train,0.9818691143509652,0.003054734281822905,1.1435311731169573,1.082623664827964,-0.07305085705251922,single,0.1,156,A_sigma_1,42
41,train,1.024291400514484,0.0022651301223584014,1.1368501169904208,2.097134098194629,-0.15297850513221628,single,0.1,217,A_sigma_1,42
42,train,1.0172639187798753,0.004258440907893774,1.1075883481763247,4.818512292768735,0.028473310205201618,single,0.1,141,A_sigma_1,42
43,train,0.9943502337386662,0.0016863695381807461,1.2389456393529341,5.880168164611814,-0.23934953321532013,single,0.1,173,A_sigma_1,42
44,train,1.004796830634994,0.0023154813492465096,1.0732405645738061,1.6107423998886974,-0.09555750205088734,single,0.1,287,A_sigma_1,42
45,train,0.9718178699816586,0.002327179968179295,1.071010007654124,6.165954975304582,-0.24548647688998018,single,0.1,280,A_sigma_1,42
46,train,1.0085431981848487,0.002078387881515897,1.094160389697096,2.296636341242765,-0.2872111050917494,single,0.1,285,A_sigma_1,42
47,train,0.9885032741450932,0.002842435819443349,1.2061999541183583,5.881499242190102,0.5657728405799464,single,0.1,128,A_sigma_1,42
48,train,1.0262547809152354,0.003280094008497036,1.1839846774794816,2.929929982168418,0.16044965461356384,single,0.1,129,A_sigma_1,42
49,train,0.9824797302591987,0.0027957064130192974,1.077047367525183,1.7868343197206236,0.38624403366456167,single,0.1,232,A_sigma_1,42
50,train,1.0090621997396878,0.002545368928900382,1.0813625700396186,0.19990434255410022,-0.0690217008041308,single,0.1,253,A_sigma_1,42
51,train,1.0196259678570154,0.001520451171759962,1.329764794451227,0.6299206768587021,-0.006619060172121248,single,0.1,134,A_sigma_1,42
52,train,1.0122672988917878,0.0030754800183261707,1.1387428040301495,5.409482186275978,-0.2459941892569997,single,0.1,163,A_sigma_1,42
53,train,0.980289102956066,0.001874196541483728,1.3065488269979308,4.841150290951707,-0.029747697546329627,single,0.1,121,A_sigma_1,42
54,train,0.9756133502178255,0.0025925104840912533,1.105528041977335,5.774114935989175,0.41971069945910183,single,0.1,214,A_sigma_1,42
55,train,0.9694398010655336,0.002369115290902828,1.0929939568053226,1.4287661677277788,-0.27253968494183434,single,0.1,246,A_sigma_1,42
56,train,1.031380228931929,0.0029340278739995044,1.179552093272131,0.9035558560158641,-0.03001634437752571,single,0.1,145,A_sigma_1,42
57,train,0.9685844461858608,0.004372551491376126,1.0775409240986003,5.211087831949769,0.11049774449564163,single,0.1,151,A_sigma_1,42
58,train,0.9836542194612026,0.003768320283004689,1.0827326466476384,2.1999013340362823,-0.17227732660535944,single,0.1,171,A_sigma_1,42
59,train,0.9952666864856176,0.0041630974558122145,1.0965138341755307,3.0219961495866072,0.060269598168485074,single,0.1,148,A_sigma_1,42
60,train,0.9756602392760113,0.0025970620917154146,1.0633336720586581,2.059862862443226,-0.16789498197404626,single,0.1,264,A_sigma_1,42
61,train,1.0100081072385048,0.003735123973211604,1.1690365466098431,5.5638637563970095,0.02510776910932426,single,0.1,121,A_sigma_1,42
62,train,0.9896130817171682,0.0021166941159062903,1.0681659678745878,5.121843149296775,-0.5715913442198193,single,0.1,316,A_sigma_1,42
63,train,1.0089518014913788,0.0035505625665201586,1.1003855611914364,1.5012042814290434,0.007211602025556851,single,0.1,170,A_sigma_1,42
64,train,0.9876635156408571,0.0017813188692601203,1.1770281574312147,6.105862363262643,0.03086753093603575,single,0.1,215,A_sigma_1,42
65,train,0.9976480897451763,0.00190855230324838,1.3057141001615324,1.8146440507099488,-0.33898178692688663,single,0.1,121,A_sigma_1,42
66,train,0.9699570710420132,0.002110676798793588,1.272804140249728,4.825235110106391,0.014393784902906307,single,0.1,124,A_sigma_1,42
67,train,0.980167988383597,0.0019433141424598094,1.1833615539773663,1.8187195976796895,-0.20630724270789327,single,0.1,193,A_sigma_1,42
68,train,1.022768808337996,0.002235088161394991,1.2665094884844836,2.2223364389018503,0.18442635889474324,single,0.1,127,A_sigma_1,42
69,train,0.982371722078145,0.002631684288763785,1.069146333459134,5.72833488494948,0.10527587048434177,single,0.1,255,A_sigma_1,42
70,train,1.043263964635908,0.002401023806710247,1.0535911852700846,4.57076661310497,-0.3487790864220683,single,0.1,320,A_sigma_1,42
71,train,0.9954977441444092,0.0030384099192438847,1.0997255514185091,2.586667637771876,-0.15966026989932072,single,0.1,194,A_sigma_1,42
72,train,0.9894992723065887,0.002230210175013356,1.2685802823376042,3.8126784577506534,0.42066900376333,single,0.1,123,A_sigma_1,42
73,train,1.0060264000888532,0.0015890391205758522,1.3319181129884894,5.388094473887067,0.7327921068728054,single,0.1,127,A_sigma_1,42
74,train,0.9804186837613662,0.0017114050862675075,1.2622973289090338,3.840327005309595,0.13852043657303015,single,0.1,154,A_sigma_1,42
75,train,1.035693789617051,0.003273840831062225,1.1829504861666669,1.0648129354914047,-0.22990316046112982,single,0.1,130,A_sigma_1,42
76,train,1.0281345120028138,0.002695459237700621,1.2061462061095174,4.11935196508547,-0.29551184245949313,single,0.1,139,A_sigma_1,42
77,train,0.992342804152078,0.002216178425750593,1.2101736529643334,5.183813585965632,0.23048501224289714,single,0.1,156,A_sigma_1,42
78,train,1.0160524349713398,0.001671029546490072,1.3211740338580384,2.5192329949369325,-0.8974885148382596,single,0.1,128,A_sigma_1,42
79,train,0.9932708792573534,0.003489860526793221,1.1169886266238243,2.5588472477954713,0.2430798010108997,single,0.1,158,A_sigma_1,42
80,train,1.0111640825060748,0.0017268806536065125,1.147653600957249,4.120721056020213,0.27990044989582274,single,0.1,258,A_sigma_1,42
81,train,0.9745907969414729,0.0016387084130945991,1.163882742320404,5.598204950513159,0.3147058655919058,single,0.1,242,A_sigma_1,42
82,train,1.0044040655999993,0.0021962741941512374,1.2797469725537531,5.057047877146793,0.060511649924498284,single,0.1,120,A_sigma_1,42
83,train,0.9933380925011135,0.0020708475772908083,1.1046957341509136,1.4930923285822997,0.17377126751191826,single,0.1,268,A_sigma_1,42
84,train,1.0173494075511413,0.004357142409210932,1.0792835769376903,5.376418632294546,0.17917056653755511,single,0.1,157,A_sigma_1,42
85,train,1.0056194796523268,0.003934053393132766,1.0981252291579398,1.1083590770534106,-0.17968071285439277,single,0.1,156,A_sigma_1,42
86,train,1.0393120684457633,0.004377224868628845,1.1390837507702019,1.9448950869227082,-0.20452107857834673,single,0.1,122,A_sigma_1,42
87,train,1.0227254740281404,0.00374472755828863,1.0688074029640098,2.607208499039631,-0.034687473080195284,single,0.1,191,A_sigma_1,42
88,train,1.0009052592656855,0.002262119743764989,1.2001707068485612,5.042414209214846,-0.40610997643802793,single,0.1,161,A_sigma_1,42
89,train,1.0208263749188304,0.003678592014238857,1.1283577896353068,2.432552956390117,0.19575134375993794,single,0.1,147,A_sigma_1,42
90,train,0.9785645459665304,0.0021634286419781315,1.1065362056203187,5.54600339017165,0.2288456815164374,single,0.1,252,A_sigma_1,42
91,train,1.0281496820919482,0.003264314608987449,1.0868929231596034,4.600441501838711,-0.3213274214360228,single,0.1,199,A_sigma_1,42
92,train,1.014826670330855,0.0041629648669453,1.0607412828471088,1.5538557308617567,-0.1888457212375097,single,0.1,178,A_sigma_1,42
93,train,0.9789042354797503,0.002149845201488465,1.075392406619145,5.6612063715049885,0.09031632547867732,single,0.1,297,A_sigma_1,42
94,train,1.0051829561034369,0.003499864216737108,1.0720552074876288,4.660150970350681,0.04475185702567099,single,0.1,197,A_sigma_1,42
95,train,1.0356935674788859,0.002889485009592149,1.1731699713768569,2.7406182805006982,-0.14641685622767533,single,0.1,151,A_sigma_1,42
96,train,0.9708728936530655,0.0037984810161754245,1.1043426067590518,1.5064916806965096,-0.5465979403783591,single,0.1,152,A_sigma_1,42
97,train,1.0020498058944871,0.0025633758138430976,1.0601419983967082,6.029766030752245,0.05198960951572442,single,0.1,279,A_sigma_1,42
98,train,1.0329543622572737,0.0019206979734034601,1.1620811168422598,4.669364318557575,-0.37643544288323283,single,0.1,224,A_sigma_1,42
99,train,1.0490540960110102,0.003195695081560519,1.109433308973797,1.025561897459137,-0.42228757441752646,single,0.1,186,A_sigma_1,42
100,train,1.017425028640019,0.0042789338092962155,1.0588245355340007,1.1525341404372818,0.25162093240462324,single,0.1,176,A_sigma_1,42
101,train,0.9835872035234439,0.004431365064820116,1.0959748064757453,6.132386723411408,-0.47014986477575477,single,0.1,139,A_sigma_1,42
102,train,0.9879666885350161,0.0037823626644037933,1.1460280291852298,1.025422316693699,0.26661192971399306,single,0.1,129,A_sigma_1,42
103,train,1.0385227401572454,0.003100146835159824,1.1954772697723717,1.3195954253014892,0.009991417794476522,single,0.1,130,A_sigma_1,42
104,train,0.9936387881840433,0.0020240005982248436,1.218618589498671,6.243007070494668,0.20028578288387094,single,0.1,162,A_sigma_1,42
105,train,1.00596870054117,0.0022420455781263352,1.107136444355498,1.8625800888848931,-0.15695122678053688,single,0.1,249,A_sigma_1,42
106,train,1.0481621576708315,0.0035201977558947115,1.185390757999252,3.8468503072228644,0.2535749895727624,single,0.1,123,A_sigma_1,42
107,train,0.9928567392342578,0.0033436175358334272,1.1152873254954812,4.467594243842323,-0.29162182465279923,single,0.1,165,A_sigma_1,42
108,train,1.0122556178232691,0.0017469688633629395,1.3198280442283945,1.9616236388779718,0.4900112980020591,single,0.1,125,A_sigma_1,42
109,train,1.0000609565378915,0.00312203083121634,1.1508930588076052,5.236899673961456,0.20089525999233646,single,0.1,151,A_sigma_1,42
110,train,0.9954977584650584,0.001599690936959886,1.3018696116620752,5.310387380391219,0.24421007640588205,single,0.1,141,A_sigma_1,42
111,train,0.9896127708281318,0.00263849470622423,1.1428964829515997,4.793845659857001,0.5177371014540199,single,0.1,179,A_sigma_1,42
112,train,0.9843263582607987,0.0027936325283875727,1.1453297391216333,4.717290919211113,-0.8523531408672157,single,0.1,168,A_sigma_1,42
113,train,0.986814616173326,0.001852198134593829,1.2251065869325046,0.10442084535057113,0.127442359024216,single,0.1,169,A_sigma_1,42
114,train,0.9929439606508822,0.001867060205543701,1.2662443267017667,3.885049436779637,0.1507844407698514,single,0.1,143,A_sigma_1,42
115,train,0.9889369023464011,0.0025918120946879526,1.120775905417597,2.4022101605072943,-0.09709260844839597,single,0.1,202,A_sigma_1,42
116,train,1.029255990285783,0.0015851238668870477,1.299298880861963,2.8962236587085766,0.1944260649117452,single,0.1,147,A_sigma_1,42
117,train,1.0326657090211688,0.002126432451884527,1.1213927332880917,1.8458889875354165,-0.16993488864740572,single,0.1,249,A_sigma_1,42
118,train,1.0015753932872853,0.003635121468926175,1.135989144383711,3.36826058248935,0.3535138771743929,single,0.1,141,A_sigma_1,42
119,train,0.9844504850170422,0.003297998058966133,1.1321879663798669,0.5711125635850578,0.35106306154749756,single,0.1,154,A_sigma_1,42
120,train,0.9799306325629298,0.003259393971444839,1.1404355953398124,4.7781971006291535,0.022878876639262004,single,0.1,149,A_sigma_1,42
121,train,0.9773200978431593,0.001695500668148943,1.1563551397392386,3.893876738003523,0.29481650582309127,single,0.1,245,A_sigma_1,42
122,train,1.0051776150648204,0.0031934011660492583,1.1669577249388943,4.834366365163399,0.14271651500660498,single,0.1,139,A_sigma_1,42
123,train,1.006788534219502,0.003904068783340496,1.0792996627976688,3.7074511269841635,-0.15745325786137054,single,0.1,172,A_sigma_1,42
124,train,0.9863437052262706,0.002532947676812351,1.1453342559187312,6.257734632369744,-0.0045021345347358325,single,0.1,183,A_sigma_1,42
125,train,0.971179937493571,0.002563985889424256,1.0816358760610103,1.2643678721869964,-0.19374238267385868,single,0.1,242,A_sigma_1,42
126,train,1.0244158477067558,0.0022923277848725357,1.23783763064433,2.4424510117381546,-0.1855615376672249,single,0.1,139,A_sigma_1,42
127,train,1.0044147661894156,0.0018434350328248698,1.2087391169091124,6.194769813862327,-0.35662525824317737,single,0.1,184,A_sigma_1,42
128,train,1.0264400370858555,0.002743925235795994,1.1880703657276568,5.620336335026029,-0.05083869972971345,single,0.1,147,A_sigma_1,42
129,train,0.9863850842412283,0.003201767077091627,1.1986597766480203,1.2094492382914572,0.1787055774092949,single,0.1,120,A_sigma_1,42
130,train,0.9489498080272245,0.003840732890143745,1.1420192514157752,0.06057376781418781,0.158719742693363,single,0.1,125,A_sigma_1,42
131,train,1.010117421795467,0.0034769725793953065,1.0645587299775854,4.836308000510474,-0.17985562969679847,single,0.1,206,A_sigma_1,42
132,train,1.0107167417934417,0.002747496480874921,1.1053073850255526,2.927940359904834,-0.13946247439078105,single,0.1,210,A_sigma_1,42
133,train,0.9899154978011744,0.0025933885856678184,1.0765809008757095,5.056636643923411,0.07957150031617542,single,0.1,251,A_sigma_1,42
134,train,1.0112248612814854,0.0025768744986581246,1.1864732542843057,3.0794320901854944,-0.18465196540889095,single,0.1,154,A_sigma_1,42
135,train,1.0424092301589536,0.002445005378637584,1.0533129532343761,5.542556232211646,0.05623165935736732,single,0.1,314,A_sigma_1,42
136,train,1.0202242761237492,0.0037590708270149663,1.1001954152888958,4.701957972757663,-0.5061327051422105,single,0.1,163,A_sigma_1,42
137,train,1.001815964779526,0.0032068872775982164,1.137070092585075,4.383957892982403,-0.0884488914154161,single,0.1,157,A_sigma_1,42
138,train,0.9814740234980263,0.003597908595767303,1.1153554316090628,5.287609002016789,0.12300952450565204,single,0.1,153,A_sigma_1,42
139,train,1.0001026605583367,0.0044916876998082654,1.0722502255807822,2.9664256421147432,0.219201605989011,single,0.1,155,A_sigma_1,42
140,train,0.9882547047137352,0.0016930746079456146,1.223522795211475,4.559823614861221,0.1854126223373458,single,0.1,183,A_sigma_1,42
141,train,0.9765928821141218,0.003206699125334557,1.1432804024160546,2.9103376503541694,0.14918567106885147,single,0.1,149,A_sigma_1,42
142,train,1.0181316922388886,0.001609804358035993,1.315288603863789,5.16930910789066,-0.4786698971361315,single,0.1,135,A_sigma_1,42
143,train,0.9994379362033095,0.0028253742483792432,1.0878048652544965,3.901627005660873,-0.164078957030734,single,0.1,221,A_sigma_1,42
144,train,1.026060835582015,0.0017128643892622402,1.226017332498365,0.6442317634088288,-0.6829488990829252,single,0.1,185,A_sigma_1,42
145,train,1.04196987701096,0.0025255458862640514,1.234315652506371,5.140682453974544,-0.2516306154842453,single,0.1,132,A_sigma_1,42
146,train,0.9767312381402996,0.004245394948010071,1.0761862846673866,1.8425345787669591,0.18355515746035408,single,0.1,157,A_sigma_1,42
147,train,0.9897382728371161,0.001738104579425896,1.2511846523107548,1.0167419915641378,-0.028548630930926872,single,0.1,160,A_sigma_1,42
148,train,1.0315132070794792,0.002082030900939083,1.1533640521453978,3.619307260916118,-0.8319117606078574,single,0.1,218,A_sigma_1,42
149,train,0.9837451842428583,0.0017215053840957228,1.1747642220317083,3.714719431587274,-0.352225761452546,single,0.1,223,A_sigma_1,42
150,train,1.009273892346533,0.002709979098672049,1.0735680212661354,5.037885799567469,0.20197603821832802,single,0.1,249,A_sigma_1,42
151,train,0.975841222320381,0.0032809933512659385,1.0601601334378161,6.039736576127826,0.4570867848728445,single,0.1,216,A_sigma_1,42
152,train,1.0009370242250528,0.00215634037131227,1.2653583351058837,0.12455248659499997,-0.14026094278081358,single,0.1,129,A_sigma_1,42
153,train,0.9820876205565205,0.0021113734522553032,1.2704399385769438,1.6216746134259041,-0.29535874265427264,single,0.1,126,A_sigma_1,42
154,train,1.0152023826074545,0.002217141915314733,1.0749689490345609,2.377232550780291,-0.3938607305483682,single,0.1,299,A_sigma_1,42
155,train,1.0033224774876146,0.0020382594940950446,1.2096260626436948,2.6984623433808856,0.23068053546106948,single,0.1,169,A_sigma_1,42
156,train,0.9532158016567245,0.002581486698153516,1.204642380366244,3.9635064283047505,0.1942627461354409,single,0.1,136,A_sigma_1,42
157,train,1.0084456520155396,0.0021420017661256483,1.2546522947186909,6.142731452827995,0.1868857792457016,single,0.1,136,A_sigma_1,42
158,train,0.9580622251971744,0.0025469574675172097,1.1451218688115083,4.8795870039126985,0.0590912075721062,single,0.1,178,A_sigma_1,42
159,train,1.0013764221673436,0.0015435049757615167,1.275834201812375,3.2853849749188,-0.06336996049788722,single,0.1,160,A_sigma_1,42
160,train,0.9950963787234864,0.002486660848519263,1.2166682617224414,3.0397658339218685,-0.08193844785550762,single,0.1,138,A_sigma_1,42
161,train,1.0266872822094157,0.004291062871982146,1.140980934453594,3.896680790113817,0.6420089133569288,single,0.1,122,A_sigma_1,42
162,train,0.9479280063691125,0.002377049003642869,1.179623122195708,6.213864969869566,0.01166495882213597,single,0.1,161,A_sigma_1,42
163,train,1.0286003098259449,0.003527817807711155,1.090555787270031,4.357668372113532,-0.14040810033755538,single,0.1,183,A_sigma_1,42
164,train,1.0072727029695707,0.0026717577167694783,1.2021981397626007,4.6148920617602505,-0.3533151876412801,single,0.1,140,A_sigma_1,42
165,train,0.9980567505755957,0.0040919855336823754,1.143006709985103,5.283646332362019,-0.14225325991471424,single,0.1,123,A_sigma_1,42
166,train,1.0068447345508742,0.0030149365944880198,1.0783477180314,0.5445234162841723,0.34315059758383326,single,0.1,219,A_sigma_1,42
167,train,1.0145641511118633,0.001809350493444171,1.1573979553913307,4.8606418518105485,-0.28845039877084244,single,0.1,238,A_sigma_1,42
168,train,0.9671167535063616,0.001802734366323509,1.2341304508166175,3.318496237235047,0.13117311658394665,single,0.1,163,A_sigma_1,42
169,train,1.016875586794963,0.002552154976789902,1.1999468182843422,1.9196762967501788,-0.1205783608005835,single,0.1,147,A_sigma_1,42
170,train,1.0262824804577062,0.0033791777543994445,1.1005609402267835,2.3715801106048406,-0.10920372109648745,single,0.1,181,A_sigma_1,42
171,train,0.9870394722059799,0.00423076494052347,1.0797848544084885,4.238379130559246,0.2537432115480818,single,0.1,156,A_sigma_1,42
172,train,0.9866981551903282,0.0030148384223312465,1.179990723949746,5.939440601979084,0.038872885638395666,single,0.1,136,A_sigma_1,42
173,train,1.0232252760722251,0.002053020760272455,1.167196387054112,2.2203946191725263,0.21201088024882708,single,0.1,205,A_sigma_1,42
174,train,0.9668121087587689,0.0021518231634242027,1.127733662449783,2.467331581020459,0.5185354688351272,single,0.1,225,A_sigma_1,42
175,train,0.9847653969785447,0.0024311829869898714,1.1128244388602704,3.4995982053980956,0.35573590259621873,single,0.1,221,A_sigma_1,42
176,train,1.0016546138295568,0.0023923436596305953,1.1792433548100145,4.630550782029788,-0.30176007839295826,single,0.1,168,A_sigma_1,42
177,train,0.9895949651654241,0.0022702605768413924,1.2118740122124545,0.11697103868997277,-0.10293049561729424,single,0.1,151,A_sigma_1,42
178,train,1.0104356607601495,0.0023289822282841948,1.1624154453710358,2.303027377262119,0.2723798753689009,single,0.1,186,A_sigma_1,42
179,train,0.9770413320410359,0.0033624868191752515,1.0557412218110573,4.631613689936339,0.275658730956292,single,0.1,216,A_sigma_1,42
180,train,1.0133635066748976,0.002495178558690768,1.2054125521796866,2.706033812683121,0.4622967338421144,single,0.1,146,A_sigma_1,42
181,train,1.0041215760213067,0.0033596342607933715,1.1331601023521631,2.730084052003553,-0.13437865877716693,single,0.1,153,A_sigma_1,42
182,train,0.9952648993745371,0.0016214110341069678,1.163387261215277,0.7065786675441759,0.09894520748801416,single,0.1,250,A_sigma_1,42
183,train,1.0179359087326358,0.004138105843799325,1.0550074777861906,3.002113067593291,0.3372836450637848,single,0.1,185,A_sigma_1,42
184,train,1.0131948685211378,0.0029886427263373333,1.0697267291608148,4.2051467111862175,-0.4224939831289372,single,0.1,232,A_sigma_1,42
185,train,1.0495467027566951,0.004138726794287753,1.1022834482910724,2.7983586721583866,0.47627140123404377,single,0.1,152,A_sigma_1,42
186,train,0.9977283760219559,0.0034692238701593023,1.0594167387154854,5.94081983527531,0.17367969140326428,single,0.1,210,A_sigma_1,42
187,train,0.9913184245046773,0.0023989500265564597,1.2520783968790086,3.6992385837182837,-0.08980349599995864,single,0.1,123,A_sigma_1,42
188,train,0.9993525309784851,0.0015229231262028566,1.1601358284983143,3.2041917265418736,-0.6941991697437734,single,0.1,269,A_sigma_1,42
189,train,0.9909612640414442,0.002799115135433824,1.163896552693067,3.3694435860549588,0.6610479798088567,single,0.1,155,A_sigma_1,42
190,train,0.963146575201772,0.0028256147140139735,1.1413328630877881,3.9294540052561553,0.01208041049776517,single,0.1,166,A_sigma_1,42
191,train,0.9970308176758623,0.003119600664292043,1.0638634990741602,4.41276984688118,0.0864178204837024,single,0.1,227,A_sigma_1,42
192,train,1.0241095034599708,0.0032104378676053565,1.0756707142091506,1.1203761363284364,0.40972923233221364,single,0.1,213,A_sigma_1,42
193,train,0.997837939073884,0.002164098611985574,1.2544921616814035,2.297949031924725,-0.23566255126530097,single,0.1,133,A_sigma_1,42
194,train,0.9623523428264775,0.0023301435466758,1.099697398284888,5.7723923306782,-0.6733602009349376,single,0.1,240,A_sigma_1,42
195,train,0.9894655208756721,0.002318714163544364,1.129921185043702,2.96179327198594,-0.23998897753541534,single,0.1,213,A_sigma_1,42
196,train,0.9838741255012999,0.0023180464930953708,1.176436695907523,4.054298668737017,-0.20572732746130318,single,0.1,172,A_sigma_1,42
197,train,0.9822981431323684,0.0038466110937206144,1.1220565548218802,5.5830146672467995,-0.09904299023231299,single,0.1,140,A_sigma_1,42
198,train,1.0107558188217283,0.0025236561461252135,1.053389389991898,1.7211277589488487,0.10807836136155871,single,0.1,296,A_sigma_1,42
199,train,1.0141713451365286,0.0030893770553506675,1.0517965782520364,1.0105493456972627,-0.45884670365382346,single,0.1,247,A_sigma_1,42
200,train,1.0189098770316758,0.0022259962841970167,1.0896757042146803,3.7118914427487297,0.6705660312490933,single,0.1,277,A_sigma_1,42
201,val,1.0000321657555868,0.0031021082830169516,1.1207237471620177,5.002659869974014,0.22762998206832086,single,0.1,174,A_sigma_1,42
202,val,1.005412761617444,0.002039812213242498,1.2046188941625868,2.19178202980544,-0.03318978009334162,single,0.1,172,A_sigma_1,42
203,val,0.9789570246500993,0.004217328330537758,1.1077509728664698,4.121539746711702,-0.11606236518439944,single,0.1,137,A_sigma_1,42
204,val,1.0093281942488133,0.002795495469121171,1.2299154314195306,1.7726227244719468,0.031488451171644574,single,0.1,121,A_sigma_1,42
205,val,0.974845664238614,0.004365080635422153,1.0672925415629932,0.7164124440000835,0.04547672944682787,single,0.1,159,A_sigma_1,42
206,val,0.9822331920189017,0.0018945166154959307,1.2214673755527734,1.9743747297580463,0.21502269933237994,single,0.1,167,A_sigma_1,42
207,val,0.993240369727564,0.0035519456227981836,1.0831088234126183,2.2018437847746015,0.008743282601744177,single,0.1,182,A_sigma_1,42
208,val,0.985305368880719,0.0026576109324013483,1.0662316620161119,5.940099588035178,-0.18350854256836494,single,0.1,257,A_sigma_1,42
209,val,1.0033675419428858,0.0030768707037464437,1.1831503174731983,3.4027020706370132,0.023957125837776632,single,0.1,134,A_sigma_1,42
210,val,0.9795328603151503,0.0015019613286825163,1.2618565993712885,2.703344066702666,-0.14301438736162755,single,0.1,170,A_sigma_1,42
211,val,1.0041070698413028,0.0035138074417974488,1.0586945109748533,2.9101655932801007,0.09985911998453594,single,0.1,209,A_sigma_1,42
212,val,1.021674526438468,0.0020965847331865226,1.2199196967860457,2.5120616072015545,0.04216619789994966,single,0.1,160,A_sigma_1,42
213,val,0.9815340301614495,0.004085529438991318,1.0702593785093553,2.6797744529302094,0.26001481693692824,single,0.1,168,A_sigma_1,42
214,val,1.01036010300555,0.001701519257544317,1.2559904911600277,4.606305135845554,0.22179746202830175,single,0.1,162,A_sigma_1,42
215,val,0.9969028081553716,0.0029298896126266584,1.1678882046301358,2.61311557997344,-0.07013544136503463,single,0.1,148,A_sigma_1,42
216,val,1.0107946865171333,0.002115394681714309,1.2102065882068616,5.7385354519676435,-0.036283713873449634,single,0.1,164,A_sigma_1,42
217,val,1.0090436011917123,0.0033850276421447034,1.1366376411474937,3.2433899652077542,0.07890559607645795,single,0.1,151,A_sigma_1,42
218,val,1.0121448404228726,0.002260847297360451,1.1794512411483244,0.625769743313328,0.3036317458109717,single,0.1,177,A_sigma_1,42
219,val,0.9904005703100313,0.0023181559480543426,1.2614035164137007,6.117916418076348,-0.002471724161687008,single,0.1,122,A_sigma_1,42
220,val,0.9970440569024507,0.0030915321148138088,1.135755036948238,2.07608533727205,0.34961133344638096,single,0.1,162,A_sigma_1,42
221,val,1.0064076649740508,0.0017176899969359488,1.116552620530921,5.468143579032305,-0.14245469964183083,single,0.1,302,A_sigma_1,42
222,val,0.9566960218944454,0.002432038941216155,1.140553686720196,3.6620358256359524,-0.013312357879874066,single,0.1,189,A_sigma_1,42
223,val,0.9956634891998055,0.0017258828723736672,1.1282065312111191,5.924972073786104,-0.35863208595629964,single,0.1,281,A_sigma_1,42
224,val,1.0017798770939286,0.0023615613874040345,1.1203476532513703,2.6769333597597647,-0.29536278259832677,single,0.1,222,A_sigma_1,42
225,val,0.9946839975154658,0.0018380810063021895,1.306609075741701,1.168517509701513,0.32350109758735335,single,0.1,124,A_sigma_1,42
226,val,0.9898766153425976,0.004134218231789345,1.06710232385867,0.4351515507412422,-0.6653255799987797,single,0.1,170,A_sigma_1,42
227,val,1.020785106055093,0.0037365415644994913,1.1444994716926784,3.29523362340877,0.12569013619840458,single,0.1,135,A_sigma_1,42
228,val,1.0264876859435323,0.0023776565871387214,1.2374331726366372,3.464046837904739,-0.10664757743156912,single,0.1,135,A_sigma_1,42
229,val,0.991047443892485,0.003491326037043915,1.077202438449409,4.00645064173006,-0.0019516607296089935,single,0.1,190,A_sigma_1,42
230,val,1.0003642817865845,0.0034241935621770678,1.065415610749377,2.0784615792844763,0.30580515679155384,single,0.1,207,A_sigma_1,42
231,val,1.0388812245007977,0.004154800496130085,1.0658815213629889,2.4415159965566513,-0.2753725152038112,single,0.1,178,A_sigma_1,42
232,val,1.0014871211091532,0.0036995154030991773,1.1419525144028408,4.7540042587652005,0.6834448839788644,single,0.1,135,A_sigma_1,42
233,val,1.0179661146100953,0.00267530466521951,1.0511530896886019,4.048163325875942,-0.34905480968114594,single,0.1,285,A_sigma_1,42
234,val,0.9960350568481026,0.0015659633913863453,1.2177122214703318,5.710469193198106,-0.021734055213747966,single,0.1,201,A_sigma_1,42
235,val,0.9594607538046647,0.0021646206525961077,1.159437246416583,5.375530790532115,-0.05756800556695328,single,0.1,192,A_sigma_1,42
236,val,0.9830138915113582,0.0015312470176314904,1.323662119852811,3.465370534922601,0.26953458133577357,single,0.1,133,A_sigma_1,42
237,val,1.0055776190042414,0.004294044160667089,1.1372154912213808,4.624625818173728,-0.10354321760656847,single,0.1,122,A_sigma_1,42
238,val,0.9956928039213043,0.0029117975511769425,1.1773138443126643,2.795046669381466,0.4523156407798037,single,0.1,143,A_sigma_1,42
239,val,0.9806220349386513,0.0028062988387249055,1.096919825606932,3.973562229824256,-0.05467447055585391,single,0.1,209,A_sigma_1,42
240,val,1.008492967588136,0.0022398687585064468,1.0816573287405296,3.1897229307988435,0.2346599876158747,single,0.1,284,A_sigma_1,42
241,test,0.9893074190961699,0.0029471834070075374,1.1405696348270837,6.202447224561488,-0.13217843994739317,single,0.1,164,A_sigma_1,42
242,test,0.9854480693863685,0.0030377642686746087,1.1881915894215365,4.1377158239392475,0.5722526016723638,single,0.1,130,A_sigma_1,42
243,test,1.0060495136652259,0.002547548551117995,1.136341689399889,3.0726108244343684,0.43074708228251174,single,0.1,193,A_sigma_1,42
244,test,0.9812498130160056,0.004032849568714413,1.0575882149685203,0.2634303432114653,0.08859007096598978,single,0.1,181,A_sigma_1,42
245,test,0.9910515000215855,0.004244366959863138,1.0876686120256536,5.724079429648427,0.01223109863913863,single,0.1,151,A_sigma_1,42
246,test,0.9941167756095606,0.0024215728156688297,1.113572616436068,3.3612593279912155,0.10200812723187708,single,0.1,223,A_sigma_1,42
247,test,0.9658611562285557,0.00231037082073168,1.199934982645969,0.9894070777800407,-0.22329173352072978,single,0.1,153,A_sigma_1,42
248,test,0.9978460765462103,0.0017387240143778553,1.1079677120834823,3.348915362599014,0.6152887879281391,single,0.1,310,A_sigma_1,42
249,test,1.0443152919881302,0.0043759261855096125,1.0634265197144974,1.777617333697838,-0.14255028105346332,single,0.1,173,A_sigma_1,42
250,test,1.017900518111455,0.004447029795383063,1.0878062308499852,3.140344555549221,0.20468918078430928,single,0.1,148,A_sigma_1,42
251,test,0.9609771644902856,0.0029827986979265976,1.0863039340561103,4.692164124813439,-0.5892843260022222,single,0.1,204,A_sigma_1,42
252,test,0.981477012721414,0.00430366319820334,1.0923970723938248,3.09013977881128,0.17271352998436884,single,0.1,145,A_sigma_1,42
253,test,0.9804029637145797,0.0030956248750575463,1.1753825917596266,3.536414449811349,0.39928258962327284,single,0.1,135,A_sigma_1,42
254,test,0.9967298596598188,0.002799838074750335,1.1601836967926018,4.467644833892133,-0.2625465864622297,single,0.1,159,A_sigma_1,42
255,test,1.0284534391514706,0.0041579232373939005,1.1456189715266596,2.0529679665368157,-0.0035521188017543655,single,0.1,123,A_sigma_1,42
256,test,1.019116262923002,0.003349532178463256,1.1342578862604744,1.5128163019469987,-0.2620661843538099,single,0.1,155,A_sigma_1,42
257,test,0.9956910218166027,0.0016088659684527166,1.2836895526296987,4.375505739042994,0.18699836043708667,single,0.1,150,A_sigma_1,42
258,test,1.0138634646412577,0.001795445864043308,1.0985123232333256,4.174232550403155,0.29192014470904737,single,0.1,320,A_sigma_1,42
259,test,1.0248992692771774,0.002966680298036103,1.0941172827794965,4.88606123212764,0.1406377985381192,single,0.1,209,A_sigma_1,42
260,test,1.0002242130097971,0.0033193721351442522,1.1400501290137621,1.4169180055688615,-0.21052011533891204,single,0.1,150,A_sigma_1,42
261,test,1.0190599328533168,0.004139016599728953,1.1307111893871524,4.782213306991412,-0.12871965716517997,single,0.1,131,A_sigma_1,42
262,test,0.9869770519519945,0.002996708179279458,1.127377028317183,1.8786696382882437,0.6370255365980276,single,0.1,172,A_sigma_1,42
263,test,0.9744530441884236,0.004195339368993868,1.0656399172239792,5.248906916351913,0.06425912651967704,single,0.1,167,A_sigma_1,42
264,test,0.9949361230398023,0.003616127988767236,1.114691818624358,1.7769830015422716,-0.007268205626815331,single,0.1,155,A_sigma_1,42
265,test,0.9833292803644414,0.0028587246139270116,1.0733478084582166,4.016796609586935,0.32054840422205727,single,0.1,231,A_sigma_1,42
266,test,1.0106488782931884,0.00270556221788099,1.1540800138625937,2.0905092757661308,-0.404868970709592,single,0.1,170,A_sigma_1,42
267,test,1.0100012061932246,0.004089852714443279,1.1190509404933173,0.9397762868908576,0.3870945978918677,single,0.1,138,A_sigma_1,42
268,test,1.0009480120549847,0.00377317565727674,1.07066073212536,0.35826842686345794,0.1196759995769855,single,0.1,184,A_sigma_1,42
269,test,1.018899273515383,0.002803672152570732,1.2062644406376024,1.030314616186022,-0.32358102977810743,single,0.1,133,A_sigma_1,42
270,test,0.9993521193762137,0.003412129093123118,1.124704350802554,3.67033776185354,0.6918138957045111,single,0.1,157,A_sigma_1,42
271,test,0.9966828882126578,0.0018058387297511698,1.2079164133879456,1.0661566944888234,-0.1492464634651262,single,0.1,187,A_sigma_1,42
272,test,0.9745364665132189,0.002637043276937058,1.1078714817536477,0.8350454234081861,-0.01769096562019597,single,0.1,208,A_sigma_1,42
273,test,0.984638516294404,0.00158754446237061,1.1753876057267254,3.4930383446757296,0.26635810008606436,single,0.1,238,A_sigma_1,42
274,test,1.0334228058610269,0.003478973122254262,1.092427268044871,5.993941055002661,0.14127299499703577,single,0.1,184,A_sigma_1,42
275,test,0.9943522093313916,0.0025311903375080888,1.1380469093019387,5.463813016827932,0.44412763602079347,single,0.1,191,A_sigma_1,42
276,test,1.0014935482333123,0.002175643031121382,1.065405851353378,5.098103518591655,0.04417894510692474,single,0.1,316,A_sigma_1,42
277,test,0.9984359089375745,0.0036152227124112077,1.1271373419780324,3.884343898591738,-0.44971626510814555,single,0.1,147,A_sigma_1,42
278,test,1.0293984686530933,0.0035180872024643704,1.186508578634284,0.8153580247402645,0.3346487368210536,single,0.1,120,A_sigma_1,42
279,test,0.9981925576557673,0.0016856972115202517,1.1709167295078236,2.8295283069873585,0.3146129589645731,single,0.1,234,A_sigma_1,42
280,test,0.9726658770409958,0.0027847613867823286,1.0867446080756695,2.593843770613673,-0.28458634567081903,single,0.1,219,A_sigma_1,42
