group,scenario,a_tag,linex_a,seed,train_run_id,rmse,mae,nasa,bias,over_rate,danger_over_5,danger_over_10,pred_std_mean,pred_std_p90,maintenance_run_id,maint_count,early_count,fail_count,total_cost,maintenance_utilization
G3,A_sigma_1,a_0p02,0.02,0,20260327_223742_486429,5.0708112716674805,2.496710777282715,2208.821533203125,-0.7325649857521057,0.43110607776519444,0.032653831634579085,0.0022650056625141564,0.0,0.0,20260328_080529_665044,160,48,49,1236.0,1.0
G3,A_sigma_1,a_0p02,0.02,1,20260327_223850_867459,4.786440849304199,2.6581273078918457,1990.531982421875,-1.318621277809143,0.32087580218950545,0.023027557568893922,0.004341260853152133,0.0,0.0,20260328_080529_808430,160,26,37,952.0,1.0
G3,A_sigma_1,a_0p02,0.02,2,20260327_223958_112977,4.736206531524658,2.7204651832580566,1959.311767578125,-0.7497082352638245,0.4114760286900717,0.041525103812759534,0.005851264628161571,0.0,0.0,20260328_080529_942600,160,23,31,826.0,1.0
G3,A_sigma_1,a_0p03,0.03,0,20260327_224104_937645,4.118396282196045,2.5416312217712402,1578.40576171875,-1.3902913331985474,0.31200453001132505,0.01226878067195168,0.00037750094375235937,0.0,0.0,20260328_080530_078637,160,26,37,952.0,1.0
G3,A_sigma_1,a_0p03,0.03,1,20260327_224212_183059,4.022968292236328,2.4980392456054688,1551.61181640625,-0.9345389604568481,0.4031710079275198,0.021517553793884484,0.0,0.0,0.0,20260328_080530_214428,160,22,30,804.0,1.0
G3,A_sigma_1,a_0p03,0.03,2,20260327_224318_731087,4.479736328125,2.721499443054199,1760.428466796875,-1.7215555906295776,0.2842582106455266,0.013967534918837296,0.00037750094375235937,0.0,0.0,20260328_080530_348982,160,39,28,798.0,1.0
G3,A_sigma_1,a_0p04,0.04,0,20260327_224427_814435,3.964048385620117,2.7663891315460205,1555.284423828125,-1.725884199142456,0.3031332578331446,0.007927519818799546,0.00018875047187617969,0.0,0.0,20260328_080530_484013,160,22,30,804.0,1.0
G3,A_sigma_1,a_0p04,0.04,1,20260327_224535_984636,4.284824371337891,2.7246248722076416,1698.78466796875,-1.4270305633544922,0.32597206493016234,0.01868629671574179,0.005473763684409211,0.0,0.0,20260328_080530_619368,160,42,28,804.0,1.0
G3,A_sigma_1,a_0p04,0.04,2,20260327_224644_719300,3.7743728160858154,2.570723533630371,1540.309326171875,-0.45728594064712524,0.4580973952434881,0.03680634201585504,0.0009437523593808985,0.0,0.0,20260328_080530_753745,160,32,36,944.0,1.0
G3,A_sigma_1,a_0p05,0.05,0,20260327_224752_377744,3.9589977264404297,2.6960742473602295,1537.63720703125,-1.7055377960205078,0.29614949037372595,0.007738769346923367,0.00018875047187617969,0.0,0.0,20260328_080530_888336,160,33,27,766.0,1.0
G3,A_sigma_1,a_0p05,0.05,1,20260327_224901_096308,3.4205973148345947,2.5535929203033447,1391.0167236328125,-1.0743072032928467,0.3707059267648169,0.019063797659494147,0.00018875047187617969,0.0,0.0,20260328_080531_022084,160,32,36,944.0,1.0
G3,A_sigma_1,a_0p05,0.05,2,20260327_225008_361545,3.880279541015625,2.5520167350769043,1452.501708984375,-1.6450222730636597,0.289920724801812,0.005096262740656852,0.00037750094375235937,0.0,0.0,20260328_080531_162772,160,10,22,620.0,1.0
G3,A_sigma_1,a_0p07,0.07,0,20260327_223747_540332,4.061111927032471,3.0358481407165527,1659.42236328125,-1.995383381843567,0.27633069082672707,0.014911287278218196,0.0009437523593808985,0.0,0.0,20260328_080531_300088,160,10,22,620.0,1.0
G3,A_sigma_1,a_0p07,0.07,1,20260327_223856_992177,3.054135799407959,2.095595121383667,1200.8232421875,-0.14359381794929504,0.4762174405436014,0.022083805209513023,0.00018875047187617969,0.0,0.0,20260328_080531_439587,160,13,42,1026.0,1.0
G3,A_sigma_1,a_0p07,0.07,2,20260327_224004_475129,4.057963848114014,2.8280696868896484,1596.812255859375,-1.7136303186416626,0.3204983012457531,0.010570026425066062,0.0005662514156285391,0.0,0.0,20260328_080531_578442,160,53,42,1106.0,1.0
G3,A_sigma_1,a_0p09,0.09,0,20260327_224111_579415,4.199548721313477,3.231584310531616,1714.951416015625,-2.6008658409118652,0.21083427708569272,0.003775009437523594,0.00037750094375235937,0.0,0.0,20260328_080531_717660,160,33,31,846.0,1.0
G3,A_sigma_1,a_0p09,0.09,1,20260327_224218_563349,3.371340751647949,2.4363715648651123,1289.0009765625,-1.5765941143035889,0.2718006795016987,0.007361268403171008,0.0,0.0,0.0,20260328_080531_856484,160,34,41,1048.0,1.0
G3,A_sigma_1,a_0p09,0.09,2,20260327_224325_014732,4.319802761077881,3.2620432376861572,1929.85302734375,-0.8700897097587585,0.45337863344658363,0.051340128350320875,0.0016987542468856172,0.0,0.0,20260328_080531_998234,160,32,42,1064.0,1.0
G3,A_sigma_1,a_0p1,0.1,0,20260327_224434_352341,4.411896228790283,3.326192617416382,1800.3699951171875,-2.5936691761016846,0.24311060777651944,0.003586258965647414,0.0,0.0,0.0,20260328_080532_141801,160,29,42,1058.0,1.0
G3,A_sigma_1,a_0p1,0.1,1,20260327_224542_424683,3.762817621231079,2.8847169876098633,1508.436279296875,-2.150986909866333,0.22291430728576822,0.007172517931294828,0.0,0.0,0.0,20260328_080532_283532,160,36,16,552.0,1.0
G3,A_sigma_1,a_0p1,0.1,2,20260327_224650_978055,4.2161970138549805,3.2353408336639404,1902.197509765625,-0.8233734965324402,0.43827859569648925,0.059456398640996604,0.004907512268780672,0.0,0.0,20260328_080532_419862,160,33,33,886.0,1.0
G3,A_sigma_1,a_0p2,0.2,0,20260327_224758_757067,5.353766441345215,4.150003910064697,2324.62353515625,-3.416954278945923,0.2146092865232163,0.009060022650056626,0.0,0.0,0.0,20260328_080532_556175,160,29,18,578.0,1.0
G3,A_sigma_1,a_0p2,0.2,1,20260327_224908_566837,5.8460564613342285,4.597975730895996,2703.31689453125,-3.21109676361084,0.2912419781049453,0.02642506606266516,0.00018875047187617969,0.0,0.0,20260328_080532_690979,160,32,32,864.0,1.0
G3,A_sigma_1,a_0p2,0.2,2,20260327_225015_581219,5.235293388366699,3.976193904876709,2241.00048828125,-3.131526231765747,0.2610419026047565,0.00622876557191393,0.0,0.0,0.0,20260328_080532_824225,160,31,41,1042.0,1.0
G3,A_sigma_1,a_0p3,0.3,0,20260327_225122_467104,6.7769575119018555,5.340254306793213,3182.831787109375,-4.816985607147217,0.1783691959229898,0.00037750094375235937,0.0,0.0,0.0,20260328_080532_957133,160,33,33,886.0,1.0
G3,A_sigma_1,a_0p3,0.3,1,20260327_225231_108093,7.019611358642578,5.718929767608643,3405.9033203125,-5.317248821258545,0.11079652699131748,0.00604001510003775,0.0,0.0,0.0,20260328_080533_095192,160,34,41,1048.0,1.0
G3,A_sigma_1,a_0p3,0.3,2,20260327_225337_656537,6.655306816101074,5.3072028160095215,3188.9404296875,-4.335515022277832,0.21140052850132127,0.01736504341260853,0.0026425066062665155,0.0,0.0,20260328_080533_235858,160,28,34,896.0,1.0
G3,A_sigma_1,a_0p4,0.4,0,20260327_225445_114083,7.213951110839844,5.61641788482666,3455.9541015625,-5.078317642211914,0.17421668554171385,0.006795016987542469,0.0007550018875047187,0.0,0.0,20260328_080533_369436,160,37,40,1034.0,1.0
G3,A_sigma_1,a_0p4,0.4,1,20260327_225552_854857,8.013053894042969,6.145565509796143,4069.698974609375,-5.158397197723389,0.21800679501698755,0.020196300490751228,0.00018875047187617969,0.0,0.0,20260328_080533_502843,160,29,34,898.0,1.0
G3,A_sigma_1,a_0p4,0.4,2,20260327_225659_165022,8.142460823059082,6.4144606590271,4162.9248046875,-5.748359680175781,0.16232540581351454,0.010570026425066062,0.0028312570781426952,0.0,0.0,20260328_080533_640736,160,9,32,818.0,1.0
G4,A_sigma_1,a_0p02,0.02,0,20260327_225115_465924,5.154691696166992,2.653358221054077,2312.7802734375,-0.6652135252952576,0.46847867119667796,0.037938844847112116,0.0028312570781426952,5.644696235656738,10.070460033416747,20260328_080533_774952,160,23,31,826.0,1.0
G4,A_sigma_1,a_0p02,0.02,1,20260327_225232_894557,4.90820837020874,2.7609541416168213,2083.6455078125,-1.241038203239441,0.3616459041147603,0.026802567006417515,0.004907512268780672,5.806743621826172,10.31293363571167,20260328_080533_908323,160,28,24,696.0,1.0
G4,A_sigma_1,a_0p02,0.02,2,20260327_225349_820463,4.856905460357666,2.901804208755493,2087.306640625,-0.6613624095916748,0.4637599093997735,0.050585126462816155,0.0056625141562853904,5.557562351226807,9.74945526123047,20260328_080534_042339,160,38,19,616.0,1.0
G4,A_sigma_1,a_0p03,0.03,0,20260327_225506_754991,4.187723636627197,2.5863425731658936,1619.5364990234375,-1.31869375705719,0.33993959984899963,0.01774254435636089,0.00018875047187617969,5.539895534515381,9.83631820678711,20260328_080534_181234,160,33,25,726.0,1.0
G4,A_sigma_1,a_0p03,0.03,1,20260327_225623_798798,4.151487350463867,2.605954647064209,1635.2618408203125,-0.8733285069465637,0.4331823329558324,0.02434881087202718,0.00018875047187617969,5.641635894775391,10.05255651473999,20260328_080534_315828,160,36,17,572.0,1.0
G4,A_sigma_1,a_0p03,0.03,2,20260327_225739_497679,4.552567958831787,2.762845993041992,1802.760009765625,-1.654494285583496,0.31483578708946774,0.016043790109475275,0.00018875047187617969,5.523921012878418,9.77221508026123,20260328_080534_451161,160,24,26,728.0,1.0
G4,A_sigma_1,a_0p04,0.04,0,20260327_225856_013659,4.054408550262451,2.81465220451355,1598.96728515625,-1.6704221963882446,0.321442053605134,0.009248773121932804,0.0,5.582037925720215,9.913998317718505,20260328_080534_586157,160,36,19,612.0,1.0
G4,A_sigma_1,a_0p04,0.04,1,20260327_230012_729955,4.412475109100342,2.7858805656433105,1765.442138671875,-1.3602546453475952,0.3457908644771612,0.022083805209513023,0.0056625141562853904,5.690283298492432,10.038611602783204,20260328_080534_723020,160,28,26,736.0,1.0
G4,A_sigma_1,a_0p04,0.04,2,20260327_230129_323380,3.930222749710083,2.709841012954712,1644.675048828125,-0.3653077483177185,0.4983012457531144,0.044167610419026046,0.0005662514156285391,5.587996006011963,9.745139312744142,20260328_080534_857768,160,36,26,752.0,1.0
G4,A_sigma_1,a_0p05,0.05,0,20260327_230246_164741,4.049808502197266,2.751685380935669,1588.865478515625,-1.6027945280075073,0.32483956209890524,0.011325028312570781,0.0,5.57849645614624,9.840349483489991,20260328_080534_991926,160,26,28,772.0,1.0
G4,A_sigma_1,a_0p05,0.05,1,20260327_230402_986840,3.581838369369507,2.6350409984588623,1464.216552734375,-0.9992046356201172,0.38825972064930164,0.02491506228765572,0.0005662514156285391,5.616043567657471,9.96265983581543,20260328_080535_132954,160,27,23,674.0,1.0
G4,A_sigma_1,a_0p05,0.05,2,20260327_230520_581047,3.99078369140625,2.6213643550872803,1509.06689453125,-1.6020865440368652,0.321442053605134,0.005473763684409211,0.00018875047187617969,5.425484657287598,9.532607364654542,20260328_080535_276703,160,10,39,960.0,1.0
G4,A_sigma_1,a_0p07,0.07,0,20260327_225805_933029,4.150087356567383,3.0671067237854004,1704.9306640625,-1.846656084060669,0.30936202340505853,0.01925254813137033,0.0015100037750094375,5.618497848510742,9.844383239746094,20260328_080535_415840,160,9,38,938.0,1.0
G4,A_sigma_1,a_0p07,0.07,1,20260327_225923_707035,3.223358631134033,2.2518017292022705,1308.13671875,-0.05884493142366409,0.5298225745564364,0.02850132125330313,0.00018875047187617969,5.6469292640686035,9.960032272338868,20260328_080535_555412,160,33,23,686.0,1.0
G4,A_sigma_1,a_0p07,0.07,2,20260327_230041_274809,4.185366630554199,2.8938941955566406,1661.44287109375,-1.6295760869979858,0.3452246130615327,0.013023782559456399,0.00018875047187617969,5.575752258300781,9.726868534088135,20260328_080535_696283,160,24,29,788.0,1.0
G4,A_sigma_1,a_0p09,0.09,0,20260327_230157_149036,4.258478164672852,3.224616765975952,1732.1561279296875,-2.5058937072753906,0.232163080407701,0.005851264628161571,0.00018875047187617969,5.506392955780029,9.76991195678711,20260328_080535_840463,160,32,31,844.0,1.0
G4,A_sigma_1,a_0p09,0.09,1,20260327_230313_743824,3.4873876571655273,2.468984842300415,1328.3935546875,-1.5201584100723267,0.29426198565496414,0.008682521706304265,0.00018875047187617969,5.6559224128723145,10.131626605987549,20260328_080535_979520,160,32,34,904.0,1.0
G4,A_sigma_1,a_0p09,0.09,2,20260327_230431_423584,4.504855632781982,3.4009850025177,2045.34912109375,-0.8053517937660217,0.4690449226123065,0.06266515666289166,0.003020007550018875,5.671469211578369,9.76913890838623,20260328_080536_123217,160,30,43,1080.0,1.0
G4,A_sigma_1,a_0p1,0.1,0,20260327_230548_507052,4.506126880645752,3.369262218475342,1850.04443359375,-2.4906837940216064,0.2738769346923367,0.005096262740656852,0.0,5.578256130218506,9.871735858917237,20260328_080536_261385,160,43,14,526.0,1.0
G4,A_sigma_1,a_0p1,0.1,1,20260327_230706_335182,3.8257932662963867,2.8939671516418457,1530.162109375,-2.0842995643615723,0.23574933937334844,0.009060022650056626,0.0,5.4727983474731445,9.879884719848633,20260328_080536_396822,160,31,23,682.0,1.0
G4,A_sigma_1,a_0p1,0.1,2,20260327_230822_627012,4.390942573547363,3.357363224029541,2005.758544921875,-0.7597475051879883,0.45960739901849756,0.06700641751604379,0.005473763684409211,5.659874439239502,9.747489166259767,20260328_080536_531365,160,21,29,782.0,1.0
G4,A_sigma_1,a_0p2,0.2,0,20260327_230939_124680,5.432928562164307,4.158239364624023,2357.58984375,-3.357464551925659,0.2287655719139298,0.009626274065685165,0.0,5.529413223266602,9.669455337524415,20260328_080536_666658,160,44,26,768.0,1.0
G4,A_sigma_1,a_0p2,0.2,1,20260327_231056_139842,5.968966960906982,4.660709381103516,2780.70361328125,-3.132472515106201,0.304643261608154,0.032465081162702907,0.00018875047187617969,5.697698593139648,9.892432689666748,20260328_080536_800996,160,26,29,792.0,1.0
G4,A_sigma_1,a_0p2,0.2,2,20260327_231214_256395,5.350963592529297,4.020761966705322,2300.454345703125,-3.073794364929199,0.28123820309550773,0.007172517931294828,0.0,5.5067620277404785,9.61279993057251,20260328_080536_936119,160,21,30,802.0,1.0
G4,A_sigma_1,a_0p3,0.3,0,20260327_231330_948300,6.852150917053223,5.351770401000977,3224.06494140625,-4.747228145599365,0.19837674594186486,0.0015100037750094375,0.0,5.448347091674805,9.635203742980957,20260328_080537_082223,160,29,32,858.0,1.0
G4,A_sigma_1,a_0p3,0.3,1,20260327_231448_403697,7.081950664520264,5.687106132507324,3429.618408203125,-5.24126672744751,0.12004530011325028,0.006417516043790109,0.0,5.4962568283081055,9.666445827484132,20260328_080537_225444,160,15,27,730.0,1.0
G4,A_sigma_1,a_0p3,0.3,2,20260327_231605_966374,6.740171432495117,5.3236775398254395,3235.389892578125,-4.306400775909424,0.21593053982634958,0.01736504341260853,0.003020007550018875,5.419116497039795,9.446534538269043,20260328_080537_368797,160,26,35,912.0,1.0
G4,A_sigma_1,a_0p4,0.4,0,20260327_231722_858437,7.286355495452881,5.631551265716553,3505.447265625,-4.981886863708496,0.1989429973574934,0.007172517931294828,0.0022650056625141564,5.3067240715026855,9.327555465698243,20260328_080537_507503,160,26,30,812.0,1.0
G4,A_sigma_1,a_0p4,0.4,1,20260327_231838_447924,8.120434761047363,6.180198669433594,4148.5810546875,-5.117711544036865,0.2314080785201963,0.023405058512646282,0.00018875047187617969,5.300751686096191,9.18229160308838,20260328_080537_647349,160,29,35,918.0,1.0
G4,A_sigma_1,a_0p4,0.4,2,20260327_231955_851002,8.228378295898438,6.433850288391113,4224.07421875,-5.713284015655518,0.17138542846357116,0.011513778784446961,0.003775009437523594,5.194764137268066,9.090924835205078,20260328_080537_789363,160,25,37,950.0,1.0
G3,A_sigma_3,a_0p02,0.02,0,20260327_230637_178133,3.998702049255371,3.2348721027374268,1750.0604248046875,-1.8062777519226074,0.22885572139303484,0.04554152315346345,0.011098354381936472,0.0,0.0,20260328_080537_926917,160,31,47,1162.0,1.0
G3,A_sigma_3,a_0p02,0.02,1,20260327_230741_338336,3.588348627090454,2.6568996906280518,1451.1944580078125,-1.140851616859436,0.3231917336394948,0.03654802908534252,0.0013394565633371603,0.0,0.0,20260328_080538_071195,160,30,34,900.0,1.0
G3,A_sigma_3,a_0p02,0.02,2,20260327_230844_329648,3.337947130203247,2.5958428382873535,1401.8565673828125,-0.9291031956672668,0.3266360505166475,0.04037504783773441,0.0036356678147722926,0.0,0.0,20260328_080538_214981,160,23,36,926.0,1.0
G3,A_sigma_3,a_0p03,0.03,0,20260327_230946_969765,3.42383074760437,2.5749130249023438,1468.071044921875,-0.3764353394508362,0.41006505931879067,0.06180635285112897,0.006123230003827019,0.0,0.0,20260328_080538_359840,160,20,32,840.0,1.0
G3,A_sigma_3,a_0p03,0.03,1,20260327_231051_004502,3.364889144897461,2.568436622619629,1453.97021484375,-0.4234369695186615,0.3886337543053961,0.05970149253731343,0.008228090317642557,0.0,0.0,20260328_080538_501498,160,23,36,926.0,1.0
G3,A_sigma_3,a_0p03,0.03,2,20260327_231155_026405,3.37217116355896,2.4415478706359863,1481.621826171875,0.5604750514030457,0.5028702640642939,0.08687332567929583,0.007654037504783774,0.0,0.0,20260328_080538_639852,160,25,46,1130.0,1.0
G3,A_sigma_3,a_0p04,0.04,0,20260327_231258_849435,3.551138401031494,2.727567434310913,1516.961669921875,-0.7570502758026123,0.3861461921163414,0.046689628779181015,0.006123230003827019,0.0,0.0,20260328_080538_785382,160,23,36,926.0,1.0
G3,A_sigma_3,a_0p04,0.04,1,20260327_231402_037943,3.4945755004882812,2.7106919288635254,1554.022705078125,-0.23336143791675568,0.42613853807883656,0.07175660160734787,0.005931879066207424,0.0,0.0,20260328_080538_926490,160,21,43,1062.0,1.0
G3,A_sigma_3,a_0p04,0.04,2,20260327_231505_958679,3.3885726928710938,2.6389267444610596,1453.596923828125,-0.6574916243553162,0.3848067355530042,0.046115575966322236,0.0030616150019135095,0.0,0.0,20260328_080539_064674,160,46,44,1132.0,1.0
G3,A_sigma_3,a_0p05,0.05,0,20260327_231609_668149,3.4716882705688477,2.66007924079895,1496.85009765625,-0.5936595797538757,0.3706467661691542,0.05702257941063911,0.007845388442403367,0.0,0.0,20260328_080539_203690,160,21,43,1062.0,1.0
G3,A_sigma_3,a_0p05,0.05,1,20260327_231713_668030,3.651947021484375,2.9028303623199463,1557.879638671875,-1.376680612564087,0.303291236127057,0.03960964408725603,0.0028702640642939152,0.0,0.0,20260328_080539_338576,160,46,44,1132.0,1.0
G3,A_sigma_3,a_0p05,0.05,2,20260327_231814_932296,3.324097156524658,2.601968288421631,1462.1158447265625,-0.3600679337978363,0.40566398775354,0.06333716035208573,0.006314580941446613,0.0,0.0,20260328_080539_473683,160,32,31,844.0,1.0
G3,A_sigma_3,a_0p07,0.07,0,20260327_232113_148417,3.643033742904663,2.9151926040649414,1564.205810546875,-1.2678089141845703,0.3340987370838117,0.03884424033677765,0.0026789131266743206,0.0,0.0,20260328_080539_609075,160,31,37,962.0,1.0
G3,A_sigma_3,a_0p07,0.07,1,20260327_232216_825698,3.6180362701416016,2.8784756660461426,1592.682861328125,-0.8215265870094299,0.38078836586299275,0.055874473784921545,0.004783773440489858,0.0,0.0,20260328_080539_753165,160,35,44,1110.0,1.0
G3,A_sigma_3,a_0p07,0.07,2,20260327_232319_989878,3.6371288299560547,2.957630157470703,1607.0599365234375,-1.020955204963684,0.3716035208572522,0.046880979716800615,0.0036356678147722926,0.0,0.0,20260328_080539_892625,160,29,42,1058.0,1.0
G3,A_sigma_3,a_0p09,0.09,0,20260327_232423_917488,4.05803108215332,3.2647714614868164,1729.55859375,-1.9665100574493408,0.29544584768465365,0.02468427095292767,0.00019135093761959434,0.0,0.0,20260328_080540_028426,160,16,38,952.0,1.0
G3,A_sigma_3,a_0p09,0.09,1,20260327_232524_949730,4.095902919769287,3.2788760662078857,1831.80615234375,-1.25968337059021,0.3492154611557597,0.05951014159969384,0.006505931879066207,0.0,0.0,20260328_080540_170007,160,37,38,994.0,1.0
G3,A_sigma_3,a_0p09,0.09,2,20260327_232629_078818,3.8416411876678467,3.1493074893951416,1684.13525390625,-1.4368723630905151,0.35667814772292383,0.0338691159586682,0.001722158438576349,0.0,0.0,20260328_080540_308963,160,34,69,1608.0,1.0
G3,A_sigma_3,a_0p1,0.1,0,20260327_232731_789370,4.104325771331787,3.3239052295684814,1792.2052001953125,-1.639281988143921,0.35744355147340223,0.03463451970914658,0.0007654037504783774,0.0,0.0,20260328_080540_452120,160,23,40,1006.0,1.0
G3,A_sigma_3,a_0p1,0.1,1,20260327_232835_387781,3.9882113933563232,3.2632970809936523,1731.761962890625,-1.7838985919952393,0.3153463451970915,0.029276693455797934,0.0009567546880979717,0.0,0.0,20260328_080540_592644,160,26,58,1372.0,1.0
G3,A_sigma_3,a_0p1,0.1,2,20260327_232937_937414,3.9893577098846436,3.2418601512908936,1712.940185546875,-1.8885743618011475,0.2998469192499043,0.023153463451970915,0.0009567546880979717,0.0,0.0,20260328_080540_732722,160,44,51,1268.0,1.0
G3,A_sigma_3,a_0p2,0.2,0,20260327_233041_430344,5.9376912117004395,4.738115310668945,2715.737060546875,-3.4884591102600098,0.26827401454267125,0.024875621890547265,0.0015308075009567547,0.0,0.0,20260328_080540_871652,160,25,58,1370.0,1.0
G3,A_sigma_3,a_0p2,0.2,1,20260327_233142_974354,5.985606670379639,4.689471244812012,2722.29541015625,-3.487792491912842,0.2740145426712591,0.01990049751243781,0.0030616150019135095,0.0,0.0,20260328_080541_010494,160,37,50,1234.0,1.0
G3,A_sigma_3,a_0p2,0.2,2,20260327_233246_185513,5.394466876983643,4.1628642082214355,2376.4375,-2.878819227218628,0.29295828549559894,0.01894374282433984,0.0,0.0,0.0,20260328_080541_152980,160,38,48,1196.0,1.0
G3,A_sigma_3,a_0p3,0.3,0,20260327_233348_484891,6.7329936027526855,5.427296161651611,3216.628662109375,-4.472304821014404,0.20359739762724838,0.022196708763872943,0.0013394565633371603,0.0,0.0,20260328_080541_289866,160,35,45,1130.0,1.0
G3,A_sigma_3,a_0p3,0.3,1,20260327_233451_557106,6.185973644256592,4.842965126037598,2884.454833984375,-3.1980862617492676,0.310371220818982,0.04362801377726751,0.004018369690011481,0.0,0.0,20260328_080541_433599,160,35,48,1190.0,1.0
G3,A_sigma_3,a_0p3,0.3,2,20260327_233553_733993,7.131326675415039,5.700241565704346,3442.620849609375,-4.8911662101745605,0.1859931113662457,0.017604286261002678,0.0003827018752391887,0.0,0.0,20260328_080541_573039,160,30,46,1140.0,1.0
G3,A_sigma_3,a_0p4,0.4,0,20260327_233657_248145,8.235755920410156,6.665921211242676,4196.3359375,-6.321068286895752,0.11691542288557213,0.0009567546880979717,0.0,0.0,0.0,20260328_080541_723433,160,38,48,1196.0,1.0
G3,A_sigma_3,a_0p4,0.4,1,20260327_233759_169673,7.54610013961792,5.993000030517578,3706.783447265625,-5.210833549499512,0.18503635667814772,0.015308075009567547,0.0,0.0,0.0,20260328_080541_866662,160,29,44,1098.0,1.0
G3,A_sigma_3,a_0p4,0.4,2,20260327_233902_522393,7.932286262512207,6.530794143676758,4063.1259765625,-5.791329383850098,0.15652506697282817,0.015690776884806735,0.00019135093761959434,0.0,0.0,20260328_080542_007095,160,13,57,1326.0,1.0
G4,A_sigma_3,a_0p02,0.02,0,20260327_231918_824735,4.065375328063965,3.2535057067871094,1773.658447265625,-1.7815426588058472,0.2399540757749713,0.04535017221584386,0.012055109070034443,5.736755847930908,10.259731769561768,20260328_080542_150241,160,26,30,812.0,1.0
G4,A_sigma_3,a_0p02,0.02,1,20260327_232032_409349,3.670217752456665,2.709357738494873,1489.2535400390625,-1.119000792503357,0.351894374282434,0.03731343283582089,0.0015308075009567547,5.696562767028809,10.222304344177246,20260328_080542_290093,160,27,33,874.0,1.0
G4,A_sigma_3,a_0p02,0.02,2,20260327_232144_477798,3.4473278522491455,2.6558213233947754,1446.4932861328125,-0.9154312014579773,0.3513203214695752,0.044393417527745886,0.0036356678147722926,5.510613441467285,9.920109272003174,20260328_080542_426291,160,17,38,954.0,1.0
G4,A_sigma_3,a_0p03,0.03,0,20260327_232257_226342,3.531024217605591,2.632296323776245,1515.8936767578125,-0.3322622776031494,0.4322617680826636,0.0642939150401837,0.006123230003827019,5.65050745010376,10.137835025787354,20260328_080542_564445,160,25,32,850.0,1.0
G4,A_sigma_3,a_0p03,0.03,1,20260327_232410_764250,3.431586742401123,2.604013442993164,1479.5875244140625,-0.40879568457603455,0.4070034443168771,0.060084194412552624,0.008036739380022962,5.7370758056640625,10.291714191436768,20260328_080542_701551,160,21,39,982.0,1.0
G4,A_sigma_3,a_0p03,0.03,2,20260327_232521_998044,3.4795567989349365,2.5918326377868652,1571.6968994140625,0.5890680551528931,0.5633371603520857,0.09050899349406812,0.008610792192881744,5.610729217529297,10.012389659881592,20260328_080542_844795,160,10,30,780.0,1.0
G4,A_sigma_3,a_0p04,0.04,0,20260327_232634_508100,3.683422803878784,2.793400526046753,1576.9217529296875,-0.6862083673477173,0.4048985840030616,0.05319556065824722,0.006697282816685802,5.700555801391602,10.208918571472168,20260328_080542_985189,160,14,37,928.0,1.0
G4,A_sigma_3,a_0p04,0.04,1,20260327_232746_646014,3.5764236450195312,2.751347780227661,1588.6419677734375,-0.19173961877822876,0.45484117872177576,0.07328740910830463,0.006314580941446613,5.761706829071045,10.263265609741211,20260328_080543_133737,160,10,30,780.0,1.0
G4,A_sigma_3,a_0p04,0.04,2,20260327_232858_817926,3.495274305343628,2.6889381408691406,1496.6380615234375,-0.6200370192527771,0.4016456180635285,0.0505166475315729,0.003827018752391887,5.593419075012207,10.023561477661133,20260328_080543_278374,160,38,30,836.0,1.0
G4,A_sigma_3,a_0p05,0.05,0,20260327_233012_223307,3.561279773712158,2.709256410598755,1534.65869140625,-0.5739209651947021,0.3922694221201684,0.06027554535017222,0.007845388442403367,5.706532001495361,10.26848840713501,20260328_080543_420176,160,9,30,778.0,1.0
G4,A_sigma_3,a_0p05,0.05,1,20260327_233123_951901,3.7265985012054443,2.9254305362701416,1580.887939453125,-1.3565316200256348,0.31305013394565634,0.041714504401071564,0.0028702640642939152,5.664168834686279,10.170878887176514,20260328_080543_562199,160,27,27,754.0,1.0
G4,A_sigma_3,a_0p05,0.05,2,20260327_233234_895801,3.435913324356079,2.6530120372772217,1508.083740234375,-0.30775147676467896,0.42479908151549944,0.0644852659778033,0.006505931879066207,5.70272970199585,10.144284725189209,20260328_080543_702916,160,31,38,982.0,1.0
G4,A_sigma_3,a_0p07,0.07,0,20260327_234004_887002,3.734687089920044,2.9375603199005127,1594.4739990234375,-1.218157410621643,0.34864140834290086,0.043436662839647915,0.0028702640642939152,5.569262504577637,10.031221866607666,20260328_080543_842494,160,29,37,958.0,1.0
G4,A_sigma_3,a_0p07,0.07,1,20260327_234116_913381,3.7051219940185547,2.9067296981811523,1621.32763671875,-0.7887457609176636,0.3947569843092231,0.05874473784921546,0.005549177190968236,5.725045680999756,10.188370704650879,20260328_080543_979533,160,16,32,832.0,1.0
G4,A_sigma_3,a_0p07,0.07,2,20260327_234229_083108,3.7633206844329834,3.008829355239868,1655.6888427734375,-0.9838923215866089,0.38040566398775355,0.05147340221967087,0.004018369690011481,5.611814498901367,10.006683826446533,20260328_080544_122481,160,28,25,716.0,1.0
G4,A_sigma_3,a_0p09,0.09,0,20260327_234341_119701,4.147665023803711,3.2831952571868896,1760.02880859375,-1.9200832843780518,0.29927286643704554,0.02774588595484118,0.0007654037504783774,5.522731304168701,9.89431095123291,20260328_080544_262868,160,35,26,750.0,1.0
G4,A_sigma_3,a_0p09,0.09,1,20260327_234454_427307,4.202024936676025,3.3212385177612305,1877.8515625,-1.1934131383895874,0.36452353616532723,0.06352851128970533,0.006697282816685802,5.749645709991455,10.15450668334961,20260328_080544_404273,160,8,58,1336.0,1.0
G4,A_sigma_3,a_0p09,0.09,2,20260327_234606_889306,3.960934638977051,3.19895339012146,1732.250732421875,-1.4048407077789307,0.3647148871029468,0.0371220818982013,0.002104860313815538,5.537259578704834,9.83174180984497,20260328_080544_543221,160,15,48,1150.0,1.0
G4,A_sigma_3,a_0p1,0.1,0,20260327_234717_150841,4.178448677062988,3.3473546504974365,1823.378662109375,-1.5794756412506104,0.3664370455415232,0.037696134711060085,0.0013394565633371603,5.648049354553223,10.061087131500244,20260328_080544_691462,160,9,52,1218.0,1.0
G4,A_sigma_3,a_0p1,0.1,1,20260327_234830_258291,4.084120750427246,3.282449722290039,1760.730224609375,-1.7659512758255005,0.32223497895139686,0.032721010332950634,0.001148105625717566,5.665807247161865,10.061486721038818,20260328_080544_835406,160,15,37,930.0,1.0
G4,A_sigma_3,a_0p1,0.1,2,20260327_234942_982277,4.095422267913818,3.2758536338806152,1755.682373046875,-1.8124943971633911,0.3182166092613854,0.02812858783008037,0.001148105625717566,5.560563564300537,9.97178030014038,20260328_080544_975234,160,18,34,876.0,1.0
G4,A_sigma_3,a_0p2,0.2,0,20260327_235055_344098,6.019547939300537,4.783839225769043,2768.03857421875,-3.450012445449829,0.276884806735553,0.028319938767699962,0.001722158438576349,5.58048677444458,9.839457988739014,20260328_080545_116776,160,13,36,906.0,1.0
G4,A_sigma_3,a_0p2,0.2,1,20260327_235207_451548,6.071831703186035,4.728858947753906,2774.33251953125,-3.4307754039764404,0.28568694986605436,0.023536165327210104,0.003827018752391887,5.515759468078613,9.781226634979248,20260328_080545_260548,160,13,34,866.0,1.0
G4,A_sigma_3,a_0p2,0.2,2,20260327_235319_713027,5.527005195617676,4.231605529785156,2443.70263671875,-2.882016181945801,0.30520474550325294,0.02123995407577497,0.0,5.42051362991333,9.713396549224854,20260328_080545_405393,160,17,37,934.0,1.0
G4,A_sigma_3,a_0p3,0.3,0,20260327_235433_126757,6.804214000701904,5.454776763916016,3265.32958984375,-4.402024745941162,0.21488710294680444,0.026215078453884422,0.0019135093761959434,5.434053421020508,9.699228286743164,20260328_080545_547674,160,18,35,896.0,1.0
G4,A_sigma_3,a_0p3,0.3,1,20260327_235544_251776,6.318961143493652,4.913900375366211,2968.084228515625,-3.151989459991455,0.324531190202832,0.046689628779181015,0.004592422502870264,5.479443073272705,9.561259269714355,20260328_080545_687609,160,17,37,934.0,1.0
G4,A_sigma_3,a_0p3,0.3,2,20260327_235657_709018,7.201941013336182,5.724998950958252,3480.6201171875,-4.913417339324951,0.19077688480673555,0.01722158438576349,0.000574052812858783,5.374128818511963,9.608101844787598,20260328_080545_822053,160,8,52,1216.0,1.0
G4,A_sigma_3,a_0p4,0.4,0,20260327_235811_356944,8.274709701538086,6.6468000411987305,4217.43212890625,-6.265559196472168,0.12284730195177956,0.0009567546880979717,0.0,5.197418212890625,9.374842166900635,20260328_080545_955815,160,14,37,928.0,1.0
G4,A_sigma_3,a_0p4,0.4,1,20260327_235923_797773,7.679450511932373,6.047024726867676,3794.844482421875,-5.184154987335205,0.20091848450057406,0.016264829697665517,0.00019135093761959434,5.362269401550293,9.534629344940186,20260328_080546_098657,160,6,52,1212.0,1.0
G4,A_sigma_3,a_0p4,0.4,2,20260328_000036_597020,7.99083137512207,6.531505584716797,4097.1259765625,-5.762222766876221,0.16169154228855723,0.016838882510524303,0.0003827018752391887,5.363463401794434,9.674654960632324,20260328_080546_246422,160,23,44,1086.0,1.0
G3,A_sigma_5,a_0p02,0.02,0,20260327_233346_761870,5.315023899078369,3.4449024200439453,2516.521484375,-0.030277295038104057,0.4486571879936809,0.11078199052132702,0.035545023696682464,0.0,0.0,20260328_080546_392444,160,38,32,876.0,1.0
G3,A_sigma_5,a_0p02,0.02,1,20260327_233455_786778,5.128882884979248,3.459637403488159,2417.072998046875,0.6757248044013977,0.5479857819905213,0.15067140600315956,0.02330173775671406,0.0,0.0,20260328_080546_527535,160,27,34,894.0,1.0
G3,A_sigma_5,a_0p02,0.02,2,20260327_233604_293104,5.237275123596191,3.545527458190918,2576.5830078125,1.1355705261230469,0.594391785150079,0.16804897314375988,0.03218799368088467,0.0,0.0,20260328_080546_661060,160,33,44,1106.0,1.0
G3,A_sigma_5,a_0p03,0.03,0,20260327_233713_534440,4.7729105949401855,3.441469430923462,2206.871826171875,0.11511752009391785,0.49842022116903634,0.11532385466034756,0.022511848341232227,0.0,0.0,20260328_080546_793914,160,30,35,920.0,1.0
G3,A_sigma_5,a_0p03,0.03,1,20260327_233822_043606,4.8284077644348145,3.385833263397217,2224.512939453125,0.48020488023757935,0.528041074249605,0.13210900473933648,0.02132701421800948,0.0,0.0,20260328_080546_932315,160,22,38,964.0,1.0
G3,A_sigma_5,a_0p03,0.03,2,20260327_233931_509528,5.219597816467285,3.541424036026001,2504.32470703125,0.8362902402877808,0.5641785150078988,0.15955766192733017,0.031200631911532384,0.0,0.0,20260328_080547_075643,160,37,46,1154.0,1.0
G3,A_sigma_5,a_0p04,0.04,0,20260327_234038_047568,5.0925092697143555,3.6079158782958984,2409.24658203125,0.244390070438385,0.5521327014218009,0.13052922590837282,0.012045813586097947,0.0,0.0,20260328_080547_214931,160,30,42,1060.0,1.0
G3,A_sigma_5,a_0p04,0.04,1,20260327_234146_989512,4.708725452423096,3.3838295936584473,2165.021484375,0.31275883316993713,0.5110584518167457,0.12421011058451817,0.02093206951026856,0.0,0.0,20260328_080547_351221,160,31,43,1082.0,1.0
G3,A_sigma_5,a_0p04,0.04,2,20260327_234256_600795,4.885470390319824,3.6360137462615967,2386.4580078125,0.8912161588668823,0.5789889415481833,0.16804897314375988,0.03060821484992101,0.0,0.0,20260328_080547_484053,160,41,36,962.0,1.0
G3,A_sigma_5,a_0p05,0.05,0,20260327_234405_048536,4.728705883026123,3.4878809452056885,2132.476806640625,-0.3707944452762604,0.46998420221169035,0.09537914691943128,0.014020537124802527,0.0,0.0,20260328_080547_616212,160,31,43,1082.0,1.0
G3,A_sigma_5,a_0p05,0.05,1,20260327_234514_753397,4.826746940612793,3.553086042404175,2192.1376953125,-0.36083492636680603,0.4749210110584518,0.09774881516587677,0.015402843601895734,0.0,0.0,20260328_080547_748533,160,38,34,916.0,1.0
G3,A_sigma_5,a_0p05,0.05,2,20260327_234623_555544,4.823172569274902,3.66530442237854,2405.97705078125,1.126658320426941,0.6095971563981043,0.17278830963665087,0.02764612954186414,0.0,0.0,20260328_080547_880728,160,27,31,834.0,1.0
G3,A_sigma_5,a_0p07,0.07,0,20260328_000151_122300,4.835486888885498,3.696958541870117,2100.085693359375,-1.5379890203475952,0.3678909952606635,0.060821484992101105,0.005134281200631911,0.0,0.0,20260328_080548_012722,160,31,32,862.0,1.0
G3,A_sigma_5,a_0p07,0.07,1,20260328_000301_617964,4.622049331665039,3.419424295425415,2080.291748046875,-0.30898213386535645,0.4656398104265403,0.10268562401263823,0.015600315955766192,0.0,0.0,20260328_080548_152897,160,17,34,874.0,1.0
G3,A_sigma_5,a_0p07,0.07,2,20260328_000353_011270,4.670232772827148,3.524899959564209,2034.692626953125,-1.039031982421875,0.4160742496050553,0.07345971563981042,0.006714060031595577,0.0,0.0,20260328_080548_287892,160,24,45,1108.0,1.0
G3,A_sigma_5,a_0p09,0.09,0,20260328_000445_171470,4.9362053871154785,3.8486440181732178,2160.297607421875,-1.8496506214141846,0.3400473933649289,0.06121642969984202,0.006714060031595577,0.0,0.0,20260328_080548_419481,160,16,43,1052.0,1.0
G3,A_sigma_5,a_0p09,0.09,1,20260328_000537_184220,4.643726348876953,3.5291037559509277,1991.4072265625,-1.4535882472991943,0.3763823064770932,0.051145339652448656,0.00631911532385466,0.0,0.0,20260328_080548_551674,160,29,36,938.0,1.0
G3,A_sigma_5,a_0p09,0.09,2,20260328_000628_649536,4.793334484100342,3.701470375061035,2244.58056640625,-0.12394107133150101,0.5082938388625592,0.1259873617693523,0.016192733017377565,0.0,0.0,20260328_080548_684045,160,18,39,976.0,1.0
G3,A_sigma_5,a_0p1,0.1,0,20260328_000718_836283,4.96225118637085,3.744272232055664,2113.436767578125,-1.9537749290466309,0.3426145339652449,0.043048973143759876,0.0071090047393364926,0.0,0.0,20260328_080548_816266,160,21,49,1182.0,1.0
G3,A_sigma_5,a_0p1,0.1,1,20260328_000759_229527,4.761043548583984,3.6706480979919434,2052.553466796875,-1.6972463130950928,0.36018957345971564,0.054502369668246446,0.0071090047393364926,0.0,0.0,20260328_080548_948608,160,20,39,980.0,1.0
G3,A_sigma_5,a_0p1,0.1,2,20260328_000837_374304,4.833938121795654,3.741847276687622,2333.7294921875,0.39179447293281555,0.544431279620853,0.1565955766192733,0.019352290679304898,0.0,0.0,20260328_080549_082234,160,34,58,1388.0,1.0
G3,A_sigma_5,a_0p2,0.2,0,20260328_000915_912755,6.144709587097168,4.7209792137146,2781.755615234375,-2.9367380142211914,0.309044233807267,0.04265402843601896,0.006121642969984202,0.0,0.0,20260328_080549_219676,160,24,41,1028.0,1.0
G3,A_sigma_5,a_0p2,0.2,1,20260328_000955_290847,6.286459922790527,4.804426193237305,2882.96337890625,-2.8639392852783203,0.3333333333333333,0.04522116903633491,0.009873617693522907,0.0,0.0,20260328_080549_353186,160,17,47,1134.0,1.0
G3,A_sigma_5,a_0p2,0.2,2,20260328_001033_568384,5.816103935241699,4.490085124969482,2564.1044921875,-2.9658050537109375,0.29403633491311215,0.035545023696682464,0.0035545023696682463,0.0,0.0,20260328_080549_485874,160,38,38,996.0,1.0
G3,A_sigma_5,a_0p3,0.3,0,20260328_001112_070872,6.920753479003906,5.504584312438965,3233.271484375,-4.357059478759766,0.21860189573459715,0.029225908372827805,0.001382306477093207,0.0,0.0,20260328_080549_618340,160,24,49,1188.0,1.0
G3,A_sigma_5,a_0p3,0.3,1,20260328_001155_177000,7.080602169036865,5.542356967926025,3302.13232421875,-4.534289360046387,0.20260663507109006,0.02132701421800948,0.005529225908372828,0.0,0.0,20260328_080549_751758,160,32,27,764.0,1.0
G3,A_sigma_5,a_0p3,0.3,2,20260328_001237_837767,7.208040237426758,5.557628631591797,3411.31494140625,-4.284768104553223,0.2490126382306477,0.031003159557661926,0.0009873617693522906,0.0,0.0,20260328_080549_883890,160,47,46,1174.0,1.0
G3,A_sigma_5,a_0p4,0.4,0,20260328_001322_070650,8.576138496398926,6.69781494140625,4354.03515625,-5.763852596282959,0.1881911532385466,0.020537124802527645,0.002369668246445498,0.0,0.0,20260328_080550_015957,160,35,29,810.0,1.0
G3,A_sigma_5,a_0p4,0.4,1,20260328_001402_678880,7.88665771484375,6.192234516143799,3822.34814453125,-5.52073860168457,0.15876777251184834,0.012835703001579778,0.0025671406003159557,0.0,0.0,20260328_080550_153194,160,42,40,1044.0,1.0
G3,A_sigma_5,a_0p4,0.4,2,20260328_001443_702262,8.783292770385742,6.880752086639404,4538.1298828125,-5.855570316314697,0.19609004739336494,0.021919431279620854,0.0039494470774091624,0.0,0.0,20260328_080550_288104,160,35,52,1270.0,1.0
G4,A_sigma_5,a_0p02,0.02,0,20260327_234729_864314,5.39882230758667,3.5015461444854736,2579.959228515625,-0.0020499778911471367,0.4703791469194313,0.11315165876777251,0.03515007898894155,5.658324241638184,10.013383960723877,20260328_080550_421747,160,26,25,712.0,1.0
G4,A_sigma_5,a_0p02,0.02,1,20260327_234847_982413,5.199773788452148,3.5340702533721924,2474.79833984375,0.6799849271774292,0.5766192733017378,0.15363349131121642,0.024881516587677725,5.5559563636779785,10.039962577819825,20260328_080550_554924,160,9,30,778.0,1.0
G4,A_sigma_5,a_0p02,0.02,2,20260327_235006_837017,5.288913726806641,3.6003191471099854,2617.41748046875,1.1473805904388428,0.6092022116903634,0.16725908372827805,0.033570300157977885,5.188891410827637,9.261771488189696,20260328_080550_689685,160,22,29,784.0,1.0
G4,A_sigma_5,a_0p03,0.03,0,20260327_235123_677830,4.882198810577393,3.5072824954986572,2271.23876953125,0.15097689628601074,0.5156003159557662,0.11808846761453397,0.023696682464454975,5.548938274383545,9.934182167053223,20260328_080550_822834,160,12,31,804.0,1.0
G4,A_sigma_5,a_0p03,0.03,1,20260327_235241_409849,4.91346549987793,3.461017608642578,2282.561279296875,0.4970838725566864,0.5489731437598736,0.13763823064770933,0.02428909952606635,5.630604267120361,10.175835990905762,20260328_080550_954945,160,26,30,812.0,1.0
G4,A_sigma_5,a_0p03,0.03,2,20260327_235400_021641,5.285418510437012,3.605773448944092,2554.65234375,0.869125485420227,0.580568720379147,0.165086887835703,0.030213270142180094,5.489957332611084,9.824841117858886,20260328_080551_090484,160,31,22,662.0,1.0
G4,A_sigma_5,a_0p04,0.04,0,20260327_235517_850238,5.192573547363281,3.664820432662964,2473.0537109375,0.3055240213871002,0.5580568720379147,0.14119273301737756,0.011848341232227487,5.465264320373535,9.721851539611816,20260328_080551_226202,160,28,31,836.0,1.0
G4,A_sigma_5,a_0p04,0.04,1,20260327_235635_576266,4.782878398895264,3.4417498111724854,2207.261962890625,0.3175589144229889,0.5315955766192733,0.13191153238546605,0.020734597156398103,5.527589797973633,10.045320510864258,20260328_080551_360159,160,30,22,660.0,1.0
G4,A_sigma_5,a_0p04,0.04,2,20260327_235754_433220,4.963963508605957,3.701742649078369,2440.684814453125,0.9361621737480164,0.5904423380726699,0.17515797788309637,0.029225908372827805,5.428633213043213,9.678855037689209,20260328_080551_492435,160,34,27,768.0,1.0
G4,A_sigma_5,a_0p05,0.05,0,20260327_235913_939822,4.83499813079834,3.5411593914031982,2189.96533203125,-0.3259340822696686,0.47906793048973145,0.1018957345971564,0.014020537124802527,5.566981315612793,10.01069164276123,20260328_080551_625944,160,34,24,708.0,1.0
G4,A_sigma_5,a_0p05,0.05,1,20260328_000032_070687,4.947353363037109,3.624197006225586,2262.64501953125,-0.3243609368801117,0.48124012638230645,0.10446287519747235,0.017180094786729858,5.479359149932861,9.850525093078613,20260328_080551_761685,160,32,28,784.0,1.0
G4,A_sigma_5,a_0p05,0.05,2,20260328_000151_612698,4.907115459442139,3.731905460357666,2460.87939453125,1.149373173713684,0.6147314375987362,0.18147709320695102,0.028041074249605055,5.381258964538574,9.515139484405518,20260328_080551_895009,160,13,26,706.0,1.0
G4,A_sigma_5,a_0p07,0.07,0,20260328_001524_831030,4.92421293258667,3.7198591232299805,2141.325439453125,-1.4660061597824097,0.3795418641390205,0.06437598736176935,0.005529225908372828,5.379356861114502,9.67297077178955,20260328_080552_027974,160,20,29,780.0,1.0
G4,A_sigma_5,a_0p07,0.07,1,20260328_001611_371720,4.723532676696777,3.4778523445129395,2132.80517578125,-0.2725802958011627,0.47432859399684046,0.10841232227488151,0.0169826224328594,5.5764641761779785,10.055473613739013,20260328_080552_165512,160,10,37,920.0,1.0
G4,A_sigma_5,a_0p07,0.07,2,20260328_001658_663921,4.753511905670166,3.576575994491577,2080.87255859375,-1.0051318407058716,0.4279225908372828,0.07484202211690363,0.006714060031595577,5.281631946563721,9.51771821975708,20260328_080552_298729,160,39,30,838.0,1.0
G4,A_sigma_5,a_0p09,0.09,0,20260328_001746_806242,4.967739582061768,3.8286349773406982,2167.30810546875,-1.7817494869232178,0.34913112164297,0.059044233807266984,0.007503949447077409,5.395879745483398,9.668345165252685,20260328_080552_431576,160,36,30,832.0,1.0
G4,A_sigma_5,a_0p09,0.09,1,20260328_001833_992580,4.7513885498046875,3.5870513916015625,2046.3084716796875,-1.4311213493347168,0.3803317535545024,0.053712480252764615,0.00631911532385466,5.399994373321533,9.790410804748536,20260328_080552_564691,160,29,40,1018.0,1.0
G4,A_sigma_5,a_0p09,0.09,2,20260328_001919_401862,4.897726058959961,3.7787973880767822,2312.90380859375,-0.061049818992614746,0.5156003159557662,0.13210900473933648,0.017180094786729858,5.351446628570557,9.532140445709228,20260328_080552_700206,160,30,30,820.0,1.0
G4,A_sigma_5,a_0p1,0.1,0,20260328_002007_420760,5.039062023162842,3.7738101482391357,2151.61083984375,-1.915440559387207,0.35308056872037913,0.046800947867298576,0.007306477093206951,5.451897144317627,9.775950145721435,20260328_080552_833889,160,18,33,856.0,1.0
G4,A_sigma_5,a_0p1,0.1,1,20260328_002053_221214,4.852327346801758,3.7042312622070312,2090.84765625,-1.6969949007034302,0.36275671406003157,0.05568720379146919,0.00631911532385466,5.445130348205566,9.879489326477051,20260328_080552_967245,160,18,46,1116.0,1.0
G4,A_sigma_5,a_0p1,0.1,2,20260328_002143_217000,4.921119689941406,3.803548574447632,2388.04736328125,0.4489762485027313,0.5539099526066351,0.1674565560821485,0.018957345971563982,5.493326187133789,9.701251316070556,20260328_080553_104564,160,40,23,700.0,1.0
G4,A_sigma_5,a_0p2,0.2,0,20260328_002228_828324,6.2201385498046875,4.743129253387451,2831.62890625,-2.8283767700195312,0.3260268562401264,0.046800947867298576,0.007306477093206951,5.228360652923584,9.39131498336792,20260328_080553_239644,160,18,45,1096.0,1.0
G4,A_sigma_5,a_0p2,0.2,1,20260328_002314_307860,6.3835129737854,4.854516983032227,2945.65869140625,-2.8348517417907715,0.33886255924170616,0.04917061611374408,0.010860979462875198,5.359878063201904,9.608047199249267,20260328_080553_371907,160,33,22,666.0,1.0
G4,A_sigma_5,a_0p2,0.2,2,20260328_002405_984111,5.881223678588867,4.512648582458496,2597.1259765625,-2.9470129013061523,0.2956161137440758,0.03653238546603475,0.0035545023696682463,5.218894958496094,9.301921844482422,20260328_080553_505069,160,27,24,694.0,1.0
G4,A_sigma_5,a_0p3,0.3,0,20260328_002451_177024,6.971031665802002,5.489753246307373,3257.541259765625,-4.288426876068115,0.22946287519747235,0.031200631911532384,0.001382306477093207,5.209639072418213,9.347928047180174,20260328_080553_638488,160,34,21,648.0,1.0
G4,A_sigma_5,a_0p3,0.3,1,20260328_002538_490168,7.165340900421143,5.56886625289917,3354.477294921875,-4.507326602935791,0.21248025276461296,0.022116903633491312,0.00533175355450237,5.093920707702637,9.162990856170653,20260328_080553_773669,160,39,25,738.0,1.0
G4,A_sigma_5,a_0p3,0.3,2,20260328_002626_227159,7.265897750854492,5.595700263977051,3456.07958984375,-4.250786781311035,0.25296208530805686,0.033570300157977885,0.001382306477093207,5.208836555480957,9.367287731170654,20260328_080553_907056,160,10,40,980.0,1.0
G4,A_sigma_5,a_0p4,0.4,0,20260328_002717_735060,8.635279655456543,6.69926118850708,4400.36328125,-5.704341888427734,0.19628751974723538,0.02448657187993681,0.002369668246445498,5.114793300628662,9.102203845977783,20260328_080554_039848,160,33,24,706.0,1.0
G4,A_sigma_5,a_0p4,0.4,1,20260328_002802_468193,7.977153301239014,6.223528861999512,3883.449462890625,-5.508727550506592,0.16548183254344392,0.014612954186413903,0.0025671406003159557,5.0925445556640625,9.181693649291992,20260328_080554_180770,160,10,40,980.0,1.0
G4,A_sigma_5,a_0p4,0.4,2,20260328_002847_486771,8.841408729553223,6.8897271156311035,4579.326171875,-5.828744411468506,0.20300157977883096,0.02132701421800948,0.0037519747235387046,5.068965911865234,9.039873504638672,20260328_080554_321312,160,27,24,694.0,1.0
